slice_id,dataset,scene_id,split
SSDD_00001,SSDD,scene_01,train
SSDD_00002,SSDD,scene_01,train
SSDD_00003,SSDD,scene_01,train
SSDD_00004,SSDD,scene_01,train
SSDD_00005,SSDD,scene_01,train
SSDD_00006,SSDD,scene_01,train
SSDD_00007,SSDD,scene_01,train
SSDD_00008,SSDD,scene_01,train
SSDD_00009,SSDD,scene_01,train
SSDD_00010,SSDD,scene_01,train
SSDD_00011,SSDD,scene_01,train
SSDD_00012,SSDD,scene_01,train
SSDD_00013,SSDD,scene_01,train
SSDD_00014,SSDD,scene_01,train
SSDD_00015,SSDD,scene_01,train
SSDD_00016,SSDD,scene_01,train
SSDD_00017,SSDD,scene_01,train
SSDD_00018,SSDD,scene_01,train
SSDD_00019,SSDD,scene_01,train
SSDD_00020,SSDD,scene_01,train
SSDD_00021,SSDD,scene_01,train
SSDD_00022,SSDD,scene_01,train
SSDD_00023,SSDD,scene_01,train
SSDD_00024,SSDD,scene_01,train
SSDD_00025,SSDD,scene_01,train
SSDD_00026,SSDD,scene_01,train
SSDD_00027,SSDD,scene_01,train
SSDD_00028,SSDD,scene_01,train
SSDD_00029,SSDD,scene_01,train
SSDD_00030,SSDD,scene_01,train
SSDD_00031,SSDD,scene_01,train
SSDD_00032,SSDD,scene_01,train
SSDD_00033,SSDD,scene_01,train
SSDD_00034,SSDD,scene_01,train
SSDD_00035,SSDD,scene_01,train
SSDD_00036,SSDD,scene_01,train
SSDD_00037,SSDD,scene_01,train
SSDD_00038,SSDD,scene_01,train
SSDD_00039,SSDD,scene_01,train
SSDD_00040,SSDD,scene_01,train
SSDD_00041,SSDD,scene_01,train
SSDD_00042,SSDD,scene_01,train
SSDD_00043,SSDD,scene_01,train
SSDD_00044,SSDD,scene_01,train
SSDD_00045,SSDD,scene_01,train
SSDD_00046,SSDD,scene_01,train
SSDD_00047,SSDD,scene_01,train
SSDD_00048,SSDD,scene_01,train
SSDD_00049,SSDD,scene_01,train
SSDD_00050,SSDD,scene_01,train
SSDD_00051,SSDD,scene_01,train
SSDD_00052,SSDD,scene_01,train
SSDD_00053,SSDD,scene_01,train
SSDD_00054,SSDD,scene_01,train
SSDD_00055,SSDD,scene_01,train
SSDD_00056,SSDD,scene_01,train
SSDD_00057,SSDD,scene_01,train
SSDD_00058,SSDD,scene_01,train
SSDD_00059,SSDD,scene_01,train
SSDD_00060,SSDD,scene_01,train
SSDD_00061,SSDD,scene_01,train
SSDD_00062,SSDD,scene_01,train
SSDD_00063,SSDD,scene_01,train
SSDD_00064,SSDD,scene_01,train
SSDD_00065,SSDD,scene_01,train
SSDD_00066,SSDD,scene_01,train
SSDD_00067,SSDD,scene_01,train
SSDD_00068,SSDD,scene_01,train
SSDD_00069,SSDD,scene_01,train
SSDD_00070,SSDD,scene_01,train
SSDD_00071,SSDD,scene_01,train
SSDD_00072,SSDD,scene_01,train
SSDD_00073,SSDD,scene_01,train
SSDD_00074,SSDD,scene_01,train
SSDD_00075,SSDD,scene_01,train
SSDD_00076,SSDD,scene_01,train
SSDD_00077,SSDD,scene_01,train
SSDD_00078,SSDD,scene_01,train
SSDD_00079,SSDD,scene_01,train
SSDD_00080,SSDD,scene_01,train
SSDD_00081,SSDD,scene_01,train
SSDD_00082,SSDD,scene_01,train
SSDD_00083,SSDD,scene_01,train
SSDD_00084,SSDD,scene_01,train
SSDD_00085,SSDD,scene_01,train
SSDD_00086,SSDD,scene_01,train
SSDD_00087,SSDD,scene_01,train
SSDD_00088,SSDD,scene_01,train
SSDD_00089,SSDD,scene_01,train
SSDD_00090,SSDD,scene_01,train
SSDD_00091,SSDD,scene_01,train
SSDD_00092,SSDD,scene_01,train
SSDD_00093,SSDD,scene_01,train
SSDD_00094,SSDD,scene_01,train
SSDD_00095,SSDD,scene_01,train
SSDD_00096,SSDD,scene_01,train
SSDD_00097,SSDD,scene_01,train
SSDD_00098,SSDD,scene_01,train
SSDD_00099,SSDD,scene_01,train
SSDD_00100,SSDD,scene_01,train
SSDD_00101,SSDD,scene_01,train
SSDD_00102,SSDD,scene_01,train
SSDD_00103,SSDD,scene_01,train
SSDD_00104,SSDD,scene_01,train
SSDD_00105,SSDD,scene_01,train
SSDD_00106,SSDD,scene_01,train
SSDD_00107,SSDD,scene_02,train
SSDD_00108,SSDD,scene_02,train
SSDD_00109,SSDD,scene_02,train
SSDD_00110,SSDD,scene_02,train
SSDD_00111,SSDD,scene_02,train
SSDD_00112,SSDD,scene_02,train
SSDD_00113,SSDD,scene_02,train
SSDD_00114,SSDD,scene_02,train
SSDD_00115,SSDD,scene_02,train
SSDD_00116,SSDD,scene_02,train
SSDD_00117,SSDD,scene_02,train
SSDD_00118,SSDD,scene_02,train
SSDD_00119,SSDD,scene_02,train
SSDD_00120,SSDD,scene_02,train
SSDD_00121,SSDD,scene_02,train
SSDD_00122,SSDD,scene_02,train
SSDD_00123,SSDD,scene_02,train
SSDD_00124,SSDD,scene_02,train
SSDD_00125,SSDD,scene_02,train
SSDD_00126,SSDD,scene_02,train
SSDD_00127,SSDD,scene_02,train
SSDD_00128,SSDD,scene_02,train
SSDD_00129,SSDD,scene_02,train
SSDD_00130,SSDD,scene_02,train
SSDD_00131,SSDD,scene_02,train
SSDD_00132,SSDD,scene_02,train
SSDD_00133,SSDD,scene_02,train
SSDD_00134,SSDD,scene_02,train
SSDD_00135,SSDD,scene_02,train
SSDD_00136,SSDD,scene_02,train
SSDD_00137,SSDD,scene_02,train
SSDD_00138,SSDD,scene_02,train
SSDD_00139,SSDD,scene_02,train
SSDD_00140,SSDD,scene_02,train
SSDD_00141,SSDD,scene_02,train
SSDD_00142,SSDD,scene_02,train
SSDD_00143,SSDD,scene_02,train
SSDD_00144,SSDD,scene_02,train
SSDD_00145,SSDD,scene_02,train
SSDD_00146,SSDD,scene_02,train
SSDD_00147,SSDD,scene_02,train
SSDD_00148,SSDD,scene_02,train
SSDD_00149,SSDD,scene_02,train
SSDD_00150,SSDD,scene_02,train
SSDD_00151,SSDD,scene_02,train
SSDD_00152,SSDD,scene_02,train
SSDD_00153,SSDD,scene_02,train
SSDD_00154,SSDD,scene_02,train
SSDD_00155,SSDD,scene_02,train
SSDD_00156,SSDD,scene_02,train
SSDD_00157,SSDD,scene_02,train
SSDD_00158,SSDD,scene_02,train
SSDD_00159,SSDD,scene_02,train
SSDD_00160,SSDD,scene_02,train
SSDD_00161,SSDD,scene_02,train
SSDD_00162,SSDD,scene_02,train
SSDD_00163,SSDD,scene_02,train
SSDD_00164,SSDD,scene_02,train
SSDD_00165,SSDD,scene_02,train
SSDD_00166,SSDD,scene_02,train
SSDD_00167,SSDD,scene_02,train
SSDD_00168,SSDD,scene_02,train
SSDD_00169,SSDD,scene_02,train
SSDD_00170,SSDD,scene_02,train
SSDD_00171,SSDD,scene_02,train
SSDD_00172,SSDD,scene_02,train
SSDD_00173,SSDD,scene_02,train
SSDD_00174,SSDD,scene_02,train
SSDD_00175,SSDD,scene_02,train
SSDD_00176,SSDD,scene_02,train
SSDD_00177,SSDD,scene_02,train
SSDD_00178,SSDD,scene_02,train
SSDD_00179,SSDD,scene_02,train
SSDD_00180,SSDD,scene_02,train
SSDD_00181,SSDD,scene_02,train
SSDD_00182,SSDD,scene_02,train
SSDD_00183,SSDD,scene_02,train
SSDD_00184,SSDD,scene_02,train
SSDD_00185,SSDD,scene_02,train
SSDD_00186,SSDD,scene_02,train
SSDD_00187,SSDD,scene_02,train
SSDD_00188,SSDD,scene_02,train
SSDD_00189,SSDD,scene_02,train
SSDD_00190,SSDD,scene_02,train
SSDD_00191,SSDD,scene_02,train
SSDD_00192,SSDD,scene_02,train
SSDD_00193,SSDD,scene_02,train
SSDD_00194,SSDD,scene_02,train
SSDD_00195,SSDD,scene_02,train
SSDD_00196,SSDD,scene_02,train
SSDD_00197,SSDD,scene_02,train
SSDD_00198,SSDD,scene_02,train
SSDD_00199,SSDD,scene_02,train
SSDD_00200,SSDD,scene_02,train
SSDD_00201,SSDD,scene_02,train
SSDD_00202,SSDD,scene_02,train
SSDD_00203,SSDD,scene_02,train
SSDD_00204,SSDD,scene_02,train
SSDD_00205,SSDD,scene_02,train
SSDD_00206,SSDD,scene_02,train
SSDD_00207,SSDD,scene_02,train
SSDD_00208,SSDD,scene_02,train
SSDD_00209,SSDD,scene_02,train
SSDD_00210,SSDD,scene_02,train
SSDD_00211,SSDD,scene_02,train
SSDD_00212,SSDD,scene_02,train
SSDD_00213,SSDD,scene_03,train
SSDD_00214,SSDD,scene_03,train
SSDD_00215,SSDD,scene_03,train
SSDD_00216,SSDD,scene_03,train
SSDD_00217,SSDD,scene_03,train
SSDD_00218,SSDD,scene_03,train
SSDD_00219,SSDD,scene_03,train
SSDD_00220,SSDD,scene_03,train
SSDD_00221,SSDD,scene_03,train
SSDD_00222,SSDD,scene_03,train
SSDD_00223,SSDD,scene_03,train
SSDD_00224,SSDD,scene_03,train
SSDD_00225,SSDD,scene_03,train
SSDD_00226,SSDD,scene_03,train
SSDD_00227,SSDD,scene_03,train
SSDD_00228,SSDD,scene_03,train
SSDD_00229,SSDD,scene_03,train
SSDD_00230,SSDD,scene_03,train
SSDD_00231,SSDD,scene_03,train
SSDD_00232,SSDD,scene_03,train
SSDD_00233,SSDD,scene_03,train
SSDD_00234,SSDD,scene_03,train
SSDD_00235,SSDD,scene_03,train
SSDD_00236,SSDD,scene_03,train
SSDD_00237,SSDD,scene_03,train
SSDD_00238,SSDD,scene_03,train
SSDD_00239,SSDD,scene_03,train
SSDD_00240,SSDD,scene_03,train
SSDD_00241,SSDD,scene_03,train
SSDD_00242,SSDD,scene_03,train
SSDD_00243,SSDD,scene_03,train
SSDD_00244,SSDD,scene_03,train
SSDD_00245,SSDD,scene_03,train
SSDD_00246,SSDD,scene_03,train
SSDD_00247,SSDD,scene_03,train
SSDD_00248,SSDD,scene_03,train
SSDD_00249,SSDD,scene_03,train
SSDD_00250,SSDD,scene_03,train
SSDD_00251,SSDD,scene_03,train
SSDD_00252,SSDD,scene_03,train
SSDD_00253,SSDD,scene_03,train
SSDD_00254,SSDD,scene_03,train
SSDD_00255,SSDD,scene_03,train
SSDD_00256,SSDD,scene_03,train
SSDD_00257,SSDD,scene_03,train
SSDD_00258,SSDD,scene_03,train
SSDD_00259,SSDD,scene_03,train
SSDD_00260,SSDD,scene_03,train
SSDD_00261,SSDD,scene_03,train
SSDD_00262,SSDD,scene_03,train
SSDD_00263,SSDD,scene_03,train
SSDD_00264,SSDD,scene_03,train
SSDD_00265,SSDD,scene_03,train
SSDD_00266,SSDD,scene_03,train
SSDD_00267,SSDD,scene_03,train
SSDD_00268,SSDD,scene_03,train
SSDD_00269,SSDD,scene_03,train
SSDD_00270,SSDD,scene_03,train
SSDD_00271,SSDD,scene_03,train
SSDD_00272,SSDD,scene_03,train
SSDD_00273,SSDD,scene_03,train
SSDD_00274,SSDD,scene_03,train
SSDD_00275,SSDD,scene_03,train
SSDD_00276,SSDD,scene_03,train
SSDD_00277,SSDD,scene_03,train
SSDD_00278,SSDD,scene_03,train
SSDD_00279,SSDD,scene_03,train
SSDD_00280,SSDD,scene_03,train
SSDD_00281,SSDD,scene_03,train
SSDD_00282,SSDD,scene_03,train
SSDD_00283,SSDD,scene_03,train
SSDD_00284,SSDD,scene_03,train
SSDD_00285,SSDD,scene_03,train
SSDD_00286,SSDD,scene_03,train
SSDD_00287,SSDD,scene_03,train
SSDD_00288,SSDD,scene_03,train
SSDD_00289,SSDD,scene_03,train
SSDD_00290,SSDD,scene_03,train
SSDD_00291,SSDD,scene_03,train
SSDD_00292,SSDD,scene_03,train
SSDD_00293,SSDD,scene_03,train
SSDD_00294,SSDD,scene_03,train
SSDD_00295,SSDD,scene_03,train
SSDD_00296,SSDD,scene_03,train
SSDD_00297,SSDD,scene_03,train
SSDD_00298,SSDD,scene_03,train
SSDD_00299,SSDD,scene_03,train
SSDD_00300,SSDD,scene_03,train
SSDD_00301,SSDD,scene_03,train
SSDD_00302,SSDD,scene_03,train
SSDD_00303,SSDD,scene_03,train
SSDD_00304,SSDD,scene_03,train
SSDD_00305,SSDD,scene_03,train
SSDD_00306,SSDD,scene_03,train
SSDD_00307,SSDD,scene_03,train
SSDD_00308,SSDD,scene_03,train
SSDD_00309,SSDD,scene_03,train
SSDD_00310,SSDD,scene_03,train
SSDD_00311,SSDD,scene_03,train
SSDD_00312,SSDD,scene_03,train
SSDD_00313,SSDD,scene_03,train
SSDD_00314,SSDD,scene_03,train
SSDD_00315,SSDD,scene_03,train
SSDD_00316,SSDD,scene_03,train
SSDD_00317,SSDD,scene_03,train
SSDD_00318,SSDD,scene_03,train
SSDD_00319,SSDD,scene_04,train
SSDD_00320,SSDD,scene_04,train
SSDD_00321,SSDD,scene_04,train
SSDD_00322,SSDD,scene_04,train
SSDD_00323,SSDD,scene_04,train
SSDD_00324,SSDD,scene_04,train
SSDD_00325,SSDD,scene_04,train
SSDD_00326,SSDD,scene_04,train
SSDD_00327,SSDD,scene_04,train
SSDD_00328,SSDD,scene_04,train
SSDD_00329,SSDD,scene_04,train
SSDD_00330,SSDD,scene_04,train
SSDD_00331,SSDD,scene_04,train
SSDD_00332,SSDD,scene_04,train
SSDD_00333,SSDD,scene_04,train
SSDD_00334,SSDD,scene_04,train
SSDD_00335,SSDD,scene_04,train
SSDD_00336,SSDD,scene_04,train
SSDD_00337,SSDD,scene_04,train
SSDD_00338,SSDD,scene_04,train
SSDD_00339,SSDD,scene_04,train
SSDD_00340,SSDD,scene_04,train
SSDD_00341,SSDD,scene_04,train
SSDD_00342,SSDD,scene_04,train
SSDD_00343,SSDD,scene_04,train
SSDD_00344,SSDD,scene_04,train
SSDD_00345,SSDD,scene_04,train
SSDD_00346,SSDD,scene_04,train
SSDD_00347,SSDD,scene_04,train
SSDD_00348,SSDD,scene_04,train
SSDD_00349,SSDD,scene_04,train
SSDD_00350,SSDD,scene_04,train
SSDD_00351,SSDD,scene_04,train
SSDD_00352,SSDD,scene_04,train
SSDD_00353,SSDD,scene_04,train
SSDD_00354,SSDD,scene_04,train
SSDD_00355,SSDD,scene_04,train
SSDD_00356,SSDD,scene_04,train
SSDD_00357,SSDD,scene_04,train
SSDD_00358,SSDD,scene_04,train
SSDD_00359,SSDD,scene_04,train
SSDD_00360,SSDD,scene_04,train
SSDD_00361,SSDD,scene_04,train
SSDD_00362,SSDD,scene_04,train
SSDD_00363,SSDD,scene_04,train
SSDD_00364,SSDD,scene_04,train
SSDD_00365,SSDD,scene_04,train
SSDD_00366,SSDD,scene_04,train
SSDD_00367,SSDD,scene_04,train
SSDD_00368,SSDD,scene_04,train
SSDD_00369,SSDD,scene_04,train
SSDD_00370,SSDD,scene_04,train
SSDD_00371,SSDD,scene_04,train
SSDD_00372,SSDD,scene_04,train
SSDD_00373,SSDD,scene_04,train
SSDD_00374,SSDD,scene_04,train
SSDD_00375,SSDD,scene_04,train
SSDD_00376,SSDD,scene_04,train
SSDD_00377,SSDD,scene_04,train
SSDD_00378,SSDD,scene_04,train
SSDD_00379,SSDD,scene_04,train
SSDD_00380,SSDD,scene_04,train
SSDD_00381,SSDD,scene_04,train
SSDD_00382,SSDD,scene_04,train
SSDD_00383,SSDD,scene_04,train
SSDD_00384,SSDD,scene_04,train
SSDD_00385,SSDD,scene_04,train
SSDD_00386,SSDD,scene_04,train
SSDD_00387,SSDD,scene_04,train
SSDD_00388,SSDD,scene_04,train
SSDD_00389,SSDD,scene_04,train
SSDD_00390,SSDD,scene_04,train
SSDD_00391,SSDD,scene_04,train
SSDD_00392,SSDD,scene_04,train
SSDD_00393,SSDD,scene_04,train
SSDD_00394,SSDD,scene_04,train
SSDD_00395,SSDD,scene_04,train
SSDD_00396,SSDD,scene_04,train
SSDD_00397,SSDD,scene_04,train
SSDD_00398,SSDD,scene_04,train
SSDD_00399,SSDD,scene_04,train
SSDD_00400,SSDD,scene_04,train
SSDD_00401,SSDD,scene_04,train
SSDD_00402,SSDD,scene_04,train
SSDD_00403,SSDD,scene_04,train
SSDD_00404,SSDD,scene_04,train
SSDD_00405,SSDD,scene_04,train
SSDD_00406,SSDD,scene_04,train
SSDD_00407,SSDD,scene_04,train
SSDD_00408,SSDD,scene_04,train
SSDD_00409,SSDD,scene_04,train
SSDD_00410,SSDD,scene_04,train
SSDD_00411,SSDD,scene_04,train
SSDD_00412,SSDD,scene_04,train
SSDD_00413,SSDD,scene_04,train
SSDD_00414,SSDD,scene_04,train
SSDD_00415,SSDD,scene_04,train
SSDD_00416,SSDD,scene_04,train
SSDD_00417,SSDD,scene_04,train
SSDD_00418,SSDD,scene_04,train
SSDD_00419,SSDD,scene_04,train
SSDD_00420,SSDD,scene_04,train
SSDD_00421,SSDD,scene_04,train
SSDD_00422,SSDD,scene_04,train
SSDD_00423,SSDD,scene_04,train
SSDD_00424,SSDD,scene_04,train
SSDD_00425,SSDD,scene_05,train
SSDD_00426,SSDD,scene_05,train
SSDD_00427,SSDD,scene_05,train
SSDD_00428,SSDD,scene_05,train
SSDD_00429,SSDD,scene_05,train
SSDD_00430,SSDD,scene_05,train
SSDD_00431,SSDD,scene_05,train
SSDD_00432,SSDD,scene_05,train
SSDD_00433,SSDD,scene_05,train
SSDD_00434,SSDD,scene_05,train
SSDD_00435,SSDD,scene_05,train
SSDD_00436,SSDD,scene_05,train
SSDD_00437,SSDD,scene_05,train
SSDD_00438,SSDD,scene_05,train
SSDD_00439,SSDD,scene_05,train
SSDD_00440,SSDD,scene_05,train
SSDD_00441,SSDD,scene_05,train
SSDD_00442,SSDD,scene_05,train
SSDD_00443,SSDD,scene_05,train
SSDD_00444,SSDD,scene_05,train
SSDD_00445,SSDD,scene_05,train
SSDD_00446,SSDD,scene_05,train
SSDD_00447,SSDD,scene_05,train
SSDD_00448,SSDD,scene_05,train
SSDD_00449,SSDD,scene_05,train
SSDD_00450,SSDD,scene_05,train
SSDD_00451,SSDD,scene_05,train
SSDD_00452,SSDD,scene_05,train
SSDD_00453,SSDD,scene_05,train
SSDD_00454,SSDD,scene_05,train
SSDD_00455,SSDD,scene_05,train
SSDD_00456,SSDD,scene_05,train
SSDD_00457,SSDD,scene_05,train
SSDD_00458,SSDD,scene_05,train
SSDD_00459,SSDD,scene_05,train
SSDD_00460,SSDD,scene_05,train
SSDD_00461,SSDD,scene_05,train
SSDD_00462,SSDD,scene_05,train
SSDD_00463,SSDD,scene_05,train
SSDD_00464,SSDD,scene_05,train
SSDD_00465,SSDD,scene_05,train
SSDD_00466,SSDD,scene_05,train
SSDD_00467,SSDD,scene_05,train
SSDD_00468,SSDD,scene_05,train
SSDD_00469,SSDD,scene_05,train
SSDD_00470,SSDD,scene_05,train
SSDD_00471,SSDD,scene_05,train
SSDD_00472,SSDD,scene_05,train
SSDD_00473,SSDD,scene_05,train
SSDD_00474,SSDD,scene_05,train
SSDD_00475,SSDD,scene_05,train
SSDD_00476,SSDD,scene_05,train
SSDD_00477,SSDD,scene_05,train
SSDD_00478,SSDD,scene_05,train
SSDD_00479,SSDD,scene_05,train
SSDD_00480,SSDD,scene_05,train
SSDD_00481,SSDD,scene_05,train
SSDD_00482,SSDD,scene_05,train
SSDD_00483,SSDD,scene_05,train
SSDD_00484,SSDD,scene_05,train
SSDD_00485,SSDD,scene_05,train
SSDD_00486,SSDD,scene_05,train
SSDD_00487,SSDD,scene_05,train
SSDD_00488,SSDD,scene_05,train
SSDD_00489,SSDD,scene_05,train
SSDD_00490,SSDD,scene_05,train
SSDD_00491,SSDD,scene_05,train
SSDD_00492,SSDD,scene_05,train
SSDD_00493,SSDD,scene_05,train
SSDD_00494,SSDD,scene_05,train
SSDD_00495,SSDD,scene_05,train
SSDD_00496,SSDD,scene_05,train
SSDD_00497,SSDD,scene_05,train
SSDD_00498,SSDD,scene_05,train
SSDD_00499,SSDD,scene_05,train
SSDD_00500,SSDD,scene_05,train
SSDD_00501,SSDD,scene_05,train
SSDD_00502,SSDD,scene_05,train
SSDD_00503,SSDD,scene_05,train
SSDD_00504,SSDD,scene_05,train
SSDD_00505,SSDD,scene_05,train
SSDD_00506,SSDD,scene_05,train
SSDD_00507,SSDD,scene_05,train
SSDD_00508,SSDD,scene_05,train
SSDD_00509,SSDD,scene_05,train
SSDD_00510,SSDD,scene_05,train
SSDD_00511,SSDD,scene_05,train
SSDD_00512,SSDD,scene_05,train
SSDD_00513,SSDD,scene_05,train
SSDD_00514,SSDD,scene_05,train
SSDD_00515,SSDD,scene_05,train
SSDD_00516,SSDD,scene_05,train
SSDD_00517,SSDD,scene_05,train
SSDD_00518,SSDD,scene_05,train
SSDD_00519,SSDD,scene_05,train
SSDD_00520,SSDD,scene_05,train
SSDD_00521,SSDD,scene_05,train
SSDD_00522,SSDD,scene_05,train
SSDD_00523,SSDD,scene_05,train
SSDD_00524,SSDD,scene_05,train
SSDD_00525,SSDD,scene_05,train
SSDD_00526,SSDD,scene_05,train
SSDD_00527,SSDD,scene_05,train
SSDD_00528,SSDD,scene_05,train
SSDD_00529,SSDD,scene_05,train
SSDD_00530,SSDD,scene_05,train
SSDD_00531,SSDD,scene_06,train
SSDD_00532,SSDD,scene_06,train
SSDD_00533,SSDD,scene_06,train
SSDD_00534,SSDD,scene_06,train
SSDD_00535,SSDD,scene_06,train
SSDD_00536,SSDD,scene_06,train
SSDD_00537,SSDD,scene_06,train
SSDD_00538,SSDD,scene_06,train
SSDD_00539,SSDD,scene_06,train
SSDD_00540,SSDD,scene_06,train
SSDD_00541,SSDD,scene_06,train
SSDD_00542,SSDD,scene_06,train
SSDD_00543,SSDD,scene_06,train
SSDD_00544,SSDD,scene_06,train
SSDD_00545,SSDD,scene_06,train
SSDD_00546,SSDD,scene_06,train
SSDD_00547,SSDD,scene_06,train
SSDD_00548,SSDD,scene_06,train
SSDD_00549,SSDD,scene_06,train
SSDD_00550,SSDD,scene_06,train
SSDD_00551,SSDD,scene_06,train
SSDD_00552,SSDD,scene_06,train
SSDD_00553,SSDD,scene_06,train
SSDD_00554,SSDD,scene_06,train
SSDD_00555,SSDD,scene_06,train
SSDD_00556,SSDD,scene_06,train
SSDD_00557,SSDD,scene_06,train
SSDD_00558,SSDD,scene_06,train
SSDD_00559,SSDD,scene_06,train
SSDD_00560,SSDD,scene_06,train
SSDD_00561,SSDD,scene_06,train
SSDD_00562,SSDD,scene_06,train
SSDD_00563,SSDD,scene_06,train
SSDD_00564,SSDD,scene_06,train
SSDD_00565,SSDD,scene_06,train
SSDD_00566,SSDD,scene_06,train
SSDD_00567,SSDD,scene_06,train
SSDD_00568,SSDD,scene_06,train
SSDD_00569,SSDD,scene_06,train
SSDD_00570,SSDD,scene_06,train
SSDD_00571,SSDD,scene_06,train
SSDD_00572,SSDD,scene_06,train
SSDD_00573,SSDD,scene_06,train
SSDD_00574,SSDD,scene_06,train
SSDD_00575,SSDD,scene_06,train
SSDD_00576,SSDD,scene_06,train
SSDD_00577,SSDD,scene_06,train
SSDD_00578,SSDD,scene_06,train
SSDD_00579,SSDD,scene_06,train
SSDD_00580,SSDD,scene_06,train
SSDD_00581,SSDD,scene_06,train
SSDD_00582,SSDD,scene_06,train
SSDD_00583,SSDD,scene_06,train
SSDD_00584,SSDD,scene_06,train
SSDD_00585,SSDD,scene_06,train
SSDD_00586,SSDD,scene_06,train
SSDD_00587,SSDD,scene_06,train
SSDD_00588,SSDD,scene_06,train
SSDD_00589,SSDD,scene_06,train
SSDD_00590,SSDD,scene_06,train
SSDD_00591,SSDD,scene_06,train
SSDD_00592,SSDD,scene_06,train
SSDD_00593,SSDD,scene_06,train
SSDD_00594,SSDD,scene_06,train
SSDD_00595,SSDD,scene_06,train
SSDD_00596,SSDD,scene_06,train
SSDD_00597,SSDD,scene_06,train
SSDD_00598,SSDD,scene_06,train
SSDD_00599,SSDD,scene_06,train
SSDD_00600,SSDD,scene_06,train
SSDD_00601,SSDD,scene_06,train
SSDD_00602,SSDD,scene_06,train
SSDD_00603,SSDD,scene_06,train
SSDD_00604,SSDD,scene_06,train
SSDD_00605,SSDD,scene_06,train
SSDD_00606,SSDD,scene_06,train
SSDD_00607,SSDD,scene_06,train
SSDD_00608,SSDD,scene_06,train
SSDD_00609,SSDD,scene_06,train
SSDD_00610,SSDD,scene_06,train
SSDD_00611,SSDD,scene_06,train
SSDD_00612,SSDD,scene_06,train
SSDD_00613,SSDD,scene_06,train
SSDD_00614,SSDD,scene_06,train
SSDD_00615,SSDD,scene_06,train
SSDD_00616,SSDD,scene_06,train
SSDD_00617,SSDD,scene_06,train
SSDD_00618,SSDD,scene_06,train
SSDD_00619,SSDD,scene_06,train
SSDD_00620,SSDD,scene_06,train
SSDD_00621,SSDD,scene_06,train
SSDD_00622,SSDD,scene_06,train
SSDD_00623,SSDD,scene_06,train
SSDD_00624,SSDD,scene_06,train
SSDD_00625,SSDD,scene_06,train
SSDD_00626,SSDD,scene_06,train
SSDD_00627,SSDD,scene_06,train
SSDD_00628,SSDD,scene_06,train
SSDD_00629,SSDD,scene_06,train
SSDD_00630,SSDD,scene_06,train
SSDD_00631,SSDD,scene_06,train
SSDD_00632,SSDD,scene_06,train
SSDD_00633,SSDD,scene_06,train
SSDD_00634,SSDD,scene_06,train
SSDD_00635,SSDD,scene_06,train
SSDD_00636,SSDD,scene_06,train
SSDD_00637,SSDD,scene_07,train
SSDD_00638,SSDD,scene_07,train
SSDD_00639,SSDD,scene_07,train
SSDD_00640,SSDD,scene_07,train
SSDD_00641,SSDD,scene_07,train
SSDD_00642,SSDD,scene_07,train
SSDD_00643,SSDD,scene_07,train
SSDD_00644,SSDD,scene_07,train
SSDD_00645,SSDD,scene_07,train
SSDD_00646,SSDD,scene_07,train
SSDD_00647,SSDD,scene_07,train
SSDD_00648,SSDD,scene_07,train
SSDD_00649,SSDD,scene_07,train
SSDD_00650,SSDD,scene_07,train
SSDD_00651,SSDD,scene_07,train
SSDD_00652,SSDD,scene_07,train
SSDD_00653,SSDD,scene_07,train
SSDD_00654,SSDD,scene_07,train
SSDD_00655,SSDD,scene_07,train
SSDD_00656,SSDD,scene_07,train
SSDD_00657,SSDD,scene_07,train
SSDD_00658,SSDD,scene_07,train
SSDD_00659,SSDD,scene_07,train
SSDD_00660,SSDD,scene_07,train
SSDD_00661,SSDD,scene_07,train
SSDD_00662,SSDD,scene_07,train
SSDD_00663,SSDD,scene_07,train
SSDD_00664,SSDD,scene_07,train
SSDD_00665,SSDD,scene_07,train
SSDD_00666,SSDD,scene_07,train
SSDD_00667,SSDD,scene_07,train
SSDD_00668,SSDD,scene_07,train
SSDD_00669,SSDD,scene_07,train
SSDD_00670,SSDD,scene_07,train
SSDD_00671,SSDD,scene_07,train
SSDD_00672,SSDD,scene_07,train
SSDD_00673,SSDD,scene_07,train
SSDD_00674,SSDD,scene_07,train
SSDD_00675,SSDD,scene_07,train
SSDD_00676,SSDD,scene_07,train
SSDD_00677,SSDD,scene_07,train
SSDD_00678,SSDD,scene_07,train
SSDD_00679,SSDD,scene_07,train
SSDD_00680,SSDD,scene_07,train
SSDD_00681,SSDD,scene_07,train
SSDD_00682,SSDD,scene_07,train
SSDD_00683,SSDD,scene_07,train
SSDD_00684,SSDD,scene_07,train
SSDD_00685,SSDD,scene_07,train
SSDD_00686,SSDD,scene_07,train
SSDD_00687,SSDD,scene_07,train
SSDD_00688,SSDD,scene_07,train
SSDD_00689,SSDD,scene_07,train
SSDD_00690,SSDD,scene_07,train
SSDD_00691,SSDD,scene_07,train
SSDD_00692,SSDD,scene_07,train
SSDD_00693,SSDD,scene_07,train
SSDD_00694,SSDD,scene_07,train
SSDD_00695,SSDD,scene_07,train
SSDD_00696,SSDD,scene_07,train
SSDD_00697,SSDD,scene_07,train
SSDD_00698,SSDD,scene_07,train
SSDD_00699,SSDD,scene_07,train
SSDD_00700,SSDD,scene_07,train
SSDD_00701,SSDD,scene_07,train
SSDD_00702,SSDD,scene_07,train
SSDD_00703,SSDD,scene_07,train
SSDD_00704,SSDD,scene_07,train
SSDD_00705,SSDD,scene_07,train
SSDD_00706,SSDD,scene_07,train
SSDD_00707,SSDD,scene_07,train
SSDD_00708,SSDD,scene_07,train
SSDD_00709,SSDD,scene_07,train
SSDD_00710,SSDD,scene_07,train
SSDD_00711,SSDD,scene_07,train
SSDD_00712,SSDD,scene_07,train
SSDD_00713,SSDD,scene_07,train
SSDD_00714,SSDD,scene_07,train
SSDD_00715,SSDD,scene_07,train
SSDD_00716,SSDD,scene_07,train
SSDD_00717,SSDD,scene_07,train
SSDD_00718,SSDD,scene_07,train
SSDD_00719,SSDD,scene_07,train
SSDD_00720,SSDD,scene_07,train
SSDD_00721,SSDD,scene_07,train
SSDD_00722,SSDD,scene_07,train
SSDD_00723,SSDD,scene_07,train
SSDD_00724,SSDD,scene_07,train
SSDD_00725,SSDD,scene_07,train
SSDD_00726,SSDD,scene_07,train
SSDD_00727,SSDD,scene_07,train
SSDD_00728,SSDD,scene_07,train
SSDD_00729,SSDD,scene_07,train
SSDD_00730,SSDD,scene_07,train
SSDD_00731,SSDD,scene_07,train
SSDD_00732,SSDD,scene_07,train
SSDD_00733,SSDD,scene_07,train
SSDD_00734,SSDD,scene_07,train
SSDD_00735,SSDD,scene_07,train
SSDD_00736,SSDD,scene_07,train
SSDD_00737,SSDD,scene_07,train
SSDD_00738,SSDD,scene_07,train
SSDD_00739,SSDD,scene_07,train
SSDD_00740,SSDD,scene_07,train
SSDD_00741,SSDD,scene_07,train
SSDD_00742,SSDD,scene_07,train
SSDD_00743,SSDD,scene_08,val
SSDD_00744,SSDD,scene_08,val
SSDD_00745,SSDD,scene_08,val
SSDD_00746,SSDD,scene_08,val
SSDD_00747,SSDD,scene_08,val
SSDD_00748,SSDD,scene_08,val
SSDD_00749,SSDD,scene_08,val
SSDD_00750,SSDD,scene_08,val
SSDD_00751,SSDD,scene_08,val
SSDD_00752,SSDD,scene_08,val
SSDD_00753,SSDD,scene_08,val
SSDD_00754,SSDD,scene_08,val
SSDD_00755,SSDD,scene_08,val
SSDD_00756,SSDD,scene_08,val
SSDD_00757,SSDD,scene_08,val
SSDD_00758,SSDD,scene_08,val
SSDD_00759,SSDD,scene_08,val
SSDD_00760,SSDD,scene_08,val
SSDD_00761,SSDD,scene_08,val
SSDD_00762,SSDD,scene_08,val
SSDD_00763,SSDD,scene_08,val
SSDD_00764,SSDD,scene_08,val
SSDD_00765,SSDD,scene_08,val
SSDD_00766,SSDD,scene_08,val
SSDD_00767,SSDD,scene_08,val
SSDD_00768,SSDD,scene_08,val
SSDD_00769,SSDD,scene_08,val
SSDD_00770,SSDD,scene_08,val
SSDD_00771,SSDD,scene_08,val
SSDD_00772,SSDD,scene_08,val
SSDD_00773,SSDD,scene_08,val
SSDD_00774,SSDD,scene_08,val
SSDD_00775,SSDD,scene_08,val
SSDD_00776,SSDD,scene_08,val
SSDD_00777,SSDD,scene_08,val
SSDD_00778,SSDD,scene_08,val
SSDD_00779,SSDD,scene_08,val
SSDD_00780,SSDD,scene_08,val
SSDD_00781,SSDD,scene_08,val
SSDD_00782,SSDD,scene_08,val
SSDD_00783,SSDD,scene_08,val
SSDD_00784,SSDD,scene_08,val
SSDD_00785,SSDD,scene_08,val
SSDD_00786,SSDD,scene_08,val
SSDD_00787,SSDD,scene_08,val
SSDD_00788,SSDD,scene_08,val
SSDD_00789,SSDD,scene_08,val
SSDD_00790,SSDD,scene_08,val
SSDD_00791,SSDD,scene_08,val
SSDD_00792,SSDD,scene_08,val
SSDD_00793,SSDD,scene_08,val
SSDD_00794,SSDD,scene_08,val
SSDD_00795,SSDD,scene_08,val
SSDD_00796,SSDD,scene_08,val
SSDD_00797,SSDD,scene_08,val
SSDD_00798,SSDD,scene_08,val
SSDD_00799,SSDD,scene_08,val
SSDD_00800,SSDD,scene_08,val
SSDD_00801,SSDD,scene_08,val
SSDD_00802,SSDD,scene_08,val
SSDD_00803,SSDD,scene_08,val
SSDD_00804,SSDD,scene_08,val
SSDD_00805,SSDD,scene_08,val
SSDD_00806,SSDD,scene_08,val
SSDD_00807,SSDD,scene_08,val
SSDD_00808,SSDD,scene_08,val
SSDD_00809,SSDD,scene_08,val
SSDD_00810,SSDD,scene_08,val
SSDD_00811,SSDD,scene_08,val
SSDD_00812,SSDD,scene_08,val
SSDD_00813,SSDD,scene_08,val
SSDD_00814,SSDD,scene_08,val
SSDD_00815,SSDD,scene_08,val
SSDD_00816,SSDD,scene_08,val
SSDD_00817,SSDD,scene_08,val
SSDD_00818,SSDD,scene_08,val
SSDD_00819,SSDD,scene_08,val
SSDD_00820,SSDD,scene_08,val
SSDD_00821,SSDD,scene_08,val
SSDD_00822,SSDD,scene_08,val
SSDD_00823,SSDD,scene_08,val
SSDD_00824,SSDD,scene_08,val
SSDD_00825,SSDD,scene_08,val
SSDD_00826,SSDD,scene_08,val
SSDD_00827,SSDD,scene_08,val
SSDD_00828,SSDD,scene_08,val
SSDD_00829,SSDD,scene_08,val
SSDD_00830,SSDD,scene_08,val
SSDD_00831,SSDD,scene_08,val
SSDD_00832,SSDD,scene_08,val
SSDD_00833,SSDD,scene_08,val
SSDD_00834,SSDD,scene_08,val
SSDD_00835,SSDD,scene_08,val
SSDD_00836,SSDD,scene_09,val
SSDD_00837,SSDD,scene_09,val
SSDD_00838,SSDD,scene_09,val
SSDD_00839,SSDD,scene_09,val
SSDD_00840,SSDD,scene_09,val
SSDD_00841,SSDD,scene_09,val
SSDD_00842,SSDD,scene_09,val
SSDD_00843,SSDD,scene_09,val
SSDD_00844,SSDD,scene_09,val
SSDD_00845,SSDD,scene_09,val
SSDD_00846,SSDD,scene_09,val
SSDD_00847,SSDD,scene_09,val
SSDD_00848,SSDD,scene_09,val
SSDD_00849,SSDD,scene_09,val
SSDD_00850,SSDD,scene_09,val
SSDD_00851,SSDD,scene_09,val
SSDD_00852,SSDD,scene_09,val
SSDD_00853,SSDD,scene_09,val
SSDD_00854,SSDD,scene_09,val
SSDD_00855,SSDD,scene_09,val
SSDD_00856,SSDD,scene_09,val
SSDD_00857,SSDD,scene_09,val
SSDD_00858,SSDD,scene_09,val
SSDD_00859,SSDD,scene_09,val
SSDD_00860,SSDD,scene_09,val
SSDD_00861,SSDD,scene_09,val
SSDD_00862,SSDD,scene_09,val
SSDD_00863,SSDD,scene_09,val
SSDD_00864,SSDD,scene_09,val
SSDD_00865,SSDD,scene_09,val
SSDD_00866,SSDD,scene_09,val
SSDD_00867,SSDD,scene_09,val
SSDD_00868,SSDD,scene_09,val
SSDD_00869,SSDD,scene_09,val
SSDD_00870,SSDD,scene_09,val
SSDD_00871,SSDD,scene_09,val
SSDD_00872,SSDD,scene_09,val
SSDD_00873,SSDD,scene_09,val
SSDD_00874,SSDD,scene_09,val
SSDD_00875,SSDD,scene_09,val
SSDD_00876,SSDD,scene_09,val
SSDD_00877,SSDD,scene_09,val
SSDD_00878,SSDD,scene_09,val
SSDD_00879,SSDD,scene_09,val
SSDD_00880,SSDD,scene_09,val
SSDD_00881,SSDD,scene_09,val
SSDD_00882,SSDD,scene_09,val
SSDD_00883,SSDD,scene_09,val
SSDD_00884,SSDD,scene_09,val
SSDD_00885,SSDD,scene_09,val
SSDD_00886,SSDD,scene_09,val
SSDD_00887,SSDD,scene_09,val
SSDD_00888,SSDD,scene_09,val
SSDD_00889,SSDD,scene_09,val
SSDD_00890,SSDD,scene_09,val
SSDD_00891,SSDD,scene_09,val
SSDD_00892,SSDD,scene_09,val
SSDD_00893,SSDD,scene_09,val
SSDD_00894,SSDD,scene_09,val
SSDD_00895,SSDD,scene_09,val
SSDD_00896,SSDD,scene_09,val
SSDD_00897,SSDD,scene_09,val
SSDD_00898,SSDD,scene_09,val
SSDD_00899,SSDD,scene_09,val
SSDD_00900,SSDD,scene_09,val
SSDD_00901,SSDD,scene_09,val
SSDD_00902,SSDD,scene_09,val
SSDD_00903,SSDD,scene_09,val
SSDD_00904,SSDD,scene_09,val
SSDD_00905,SSDD,scene_09,val
SSDD_00906,SSDD,scene_09,val
SSDD_00907,SSDD,scene_09,val
SSDD_00908,SSDD,scene_09,val
SSDD_00909,SSDD,scene_09,val
SSDD_00910,SSDD,scene_09,val
SSDD_00911,SSDD,scene_09,val
SSDD_00912,SSDD,scene_09,val
SSDD_00913,SSDD,scene_09,val
SSDD_00914,SSDD,scene_09,val
SSDD_00915,SSDD,scene_09,val
SSDD_00916,SSDD,scene_09,val
SSDD_00917,SSDD,scene_09,val
SSDD_00918,SSDD,scene_09,val
SSDD_00919,SSDD,scene_09,val
SSDD_00920,SSDD,scene_09,val
SSDD_00921,SSDD,scene_09,val
SSDD_00922,SSDD,scene_09,val
SSDD_00923,SSDD,scene_09,val
SSDD_00924,SSDD,scene_09,val
SSDD_00925,SSDD,scene_09,val
SSDD_00926,SSDD,scene_09,val
SSDD_00927,SSDD,scene_09,val
SSDD_00928,SSDD,scene_09,val
SSDD_00929,SSDD,scene_10,test
SSDD_00930,SSDD,scene_10,test
SSDD_00931,SSDD,scene_10,test
SSDD_00932,SSDD,scene_10,test
SSDD_00933,SSDD,scene_10,test
SSDD_00934,SSDD,scene_10,test
SSDD_00935,SSDD,scene_10,test
SSDD_00936,SSDD,scene_10,test
SSDD_00937,SSDD,scene_10,test
SSDD_00938,SSDD,scene_10,test
SSDD_00939,SSDD,scene_10,test
SSDD_00940,SSDD,scene_10,test
SSDD_00941,SSDD,scene_10,test
SSDD_00942,SSDD,scene_10,test
SSDD_00943,SSDD,scene_10,test
SSDD_00944,SSDD,scene_10,test
SSDD_00945,SSDD,scene_10,test
SSDD_00946,SSDD,scene_10,test
SSDD_00947,SSDD,scene_10,test
SSDD_00948,SSDD,scene_10,test
SSDD_00949,SSDD,scene_10,test
SSDD_00950,SSDD,scene_10,test
SSDD_00951,SSDD,scene_10,test
SSDD_00952,SSDD,scene_10,test
SSDD_00953,SSDD,scene_10,test
SSDD_00954,SSDD,scene_10,test
SSDD_00955,SSDD,scene_10,test
SSDD_00956,SSDD,scene_10,test
SSDD_00957,SSDD,scene_10,test
SSDD_00958,SSDD,scene_10,test
SSDD_00959,SSDD,scene_10,test
SSDD_00960,SSDD,scene_10,test
SSDD_00961,SSDD,scene_10,test
SSDD_00962,SSDD,scene_10,test
SSDD_00963,SSDD,scene_10,test
SSDD_00964,SSDD,scene_10,test
SSDD_00965,SSDD,scene_10,test
SSDD_00966,SSDD,scene_10,test
SSDD_00967,SSDD,scene_10,test
SSDD_00968,SSDD,scene_10,test
SSDD_00969,SSDD,scene_10,test
SSDD_00970,SSDD,scene_10,test
SSDD_00971,SSDD,scene_10,test
SSDD_00972,SSDD,scene_10,test
SSDD_00973,SSDD,scene_10,test
SSDD_00974,SSDD,scene_10,test
SSDD_00975,SSDD,scene_10,test
SSDD_00976,SSDD,scene_10,test
SSDD_00977,SSDD,scene_10,test
SSDD_00978,SSDD,scene_10,test
SSDD_00979,SSDD,scene_10,test
SSDD_00980,SSDD,scene_10,test
SSDD_00981,SSDD,scene_10,test
SSDD_00982,SSDD,scene_10,test
SSDD_00983,SSDD,scene_10,test
SSDD_00984,SSDD,scene_10,test
SSDD_00985,SSDD,scene_10,test
SSDD_00986,SSDD,scene_10,test
SSDD_00987,SSDD,scene_10,test
SSDD_00988,SSDD,scene_10,test
SSDD_00989,SSDD,scene_10,test
SSDD_00990,SSDD,scene_10,test
SSDD_00991,SSDD,scene_10,test
SSDD_00992,SSDD,scene_10,test
SSDD_00993,SSDD,scene_10,test
SSDD_00994,SSDD,scene_10,test
SSDD_00995,SSDD,scene_10,test
SSDD_00996,SSDD,scene_10,test
SSDD_00997,SSDD,scene_10,test
SSDD_00998,SSDD,scene_10,test
SSDD_00999,SSDD,scene_10,test
SSDD_01000,SSDD,scene_10,test
SSDD_01001,SSDD,scene_10,test
SSDD_01002,SSDD,scene_10,test
SSDD_01003,SSDD,scene_10,test
SSDD_01004,SSDD,scene_10,test
SSDD_01005,SSDD,scene_10,test
SSDD_01006,SSDD,scene_10,test
SSDD_01007,SSDD,scene_10,test
SSDD_01008,SSDD,scene_10,test
SSDD_01009,SSDD,scene_10,test
SSDD_01010,SSDD,scene_10,test
SSDD_01011,SSDD,scene_10,test
SSDD_01012,SSDD,scene_10,test
SSDD_01013,SSDD,scene_10,test
SSDD_01014,SSDD,scene_10,test
SSDD_01015,SSDD,scene_10,test
SSDD_01016,SSDD,scene_10,test
SSDD_01017,SSDD,scene_10,test
SSDD_01018,SSDD,scene_10,test
SSDD_01019,SSDD,scene_10,test
SSDD_01020,SSDD,scene_10,test
SSDD_01021,SSDD,scene_10,test
SSDD_01022,SSDD,scene_10,test
SSDD_01023,SSDD,scene_10,test
SSDD_01024,SSDD,scene_10,test
SSDD_01025,SSDD,scene_10,test
SSDD_01026,SSDD,scene_10,test
SSDD_01027,SSDD,scene_10,test
SSDD_01028,SSDD,scene_10,test
SSDD_01029,SSDD,scene_10,test
SSDD_01030,SSDD,scene_10,test
SSDD_01031,SSDD,scene_10,test
SSDD_01032,SSDD,scene_10,test
SSDD_01033,SSDD,scene_10,test
SSDD_01034,SSDD,scene_10,test
SSDD_01035,SSDD,scene_10,test
SSDD_01036,SSDD,scene_10,test
SSDD_01037,SSDD,scene_10,test
SSDD_01038,SSDD,scene_10,test
SSDD_01039,SSDD,scene_10,test
SSDD_01040,SSDD,scene_10,test
SSDD_01041,SSDD,scene_10,test
SSDD_01042,SSDD,scene_10,test
SSDD_01043,SSDD,scene_10,test
SSDD_01044,SSDD,scene_10,test
SSDD_01045,SSDD,scene_11,test
SSDD_01046,SSDD,scene_11,test
SSDD_01047,SSDD,scene_11,test
SSDD_01048,SSDD,scene_11,test
SSDD_01049,SSDD,scene_11,test
SSDD_01050,SSDD,scene_11,test
SSDD_01051,SSDD,scene_11,test
SSDD_01052,SSDD,scene_11,test
SSDD_01053,SSDD,scene_11,test
SSDD_01054,SSDD,scene_11,test
SSDD_01055,SSDD,scene_11,test
SSDD_01056,SSDD,scene_11,test
SSDD_01057,SSDD,scene_11,test
SSDD_01058,SSDD,scene_11,test
SSDD_01059,SSDD,scene_11,test
SSDD_01060,SSDD,scene_11,test
SSDD_01061,SSDD,scene_11,test
SSDD_01062,SSDD,scene_11,test
SSDD_01063,SSDD,scene_11,test
SSDD_01064,SSDD,scene_11,test
SSDD_01065,SSDD,scene_11,test
SSDD_01066,SSDD,scene_11,test
SSDD_01067,SSDD,scene_11,test
SSDD_01068,SSDD,scene_11,test
SSDD_01069,SSDD,scene_11,test
SSDD_01070,SSDD,scene_11,test
SSDD_01071,SSDD,scene_11,test
SSDD_01072,SSDD,scene_11,test
SSDD_01073,SSDD,scene_11,test
SSDD_01074,SSDD,scene_11,test
SSDD_01075,SSDD,scene_11,test
SSDD_01076,SSDD,scene_11,test
SSDD_01077,SSDD,scene_11,test
SSDD_01078,SSDD,scene_11,test
SSDD_01079,SSDD,scene_11,test
SSDD_01080,SSDD,scene_11,test
SSDD_01081,SSDD,scene_11,test
SSDD_01082,SSDD,scene_11,test
SSDD_01083,SSDD,scene_11,test
SSDD_01084,SSDD,scene_11,test
SSDD_01085,SSDD,scene_11,test
SSDD_01086,SSDD,scene_11,test
SSDD_01087,SSDD,scene_11,test
SSDD_01088,SSDD,scene_11,test
SSDD_01089,SSDD,scene_11,test
SSDD_01090,SSDD,scene_11,test
SSDD_01091,SSDD,scene_11,test
SSDD_01092,SSDD,scene_11,test
SSDD_01093,SSDD,scene_11,test
SSDD_01094,SSDD,scene_11,test
SSDD_01095,SSDD,scene_11,test
SSDD_01096,SSDD,scene_11,test
SSDD_01097,SSDD,scene_11,test
SSDD_01098,SSDD,scene_11,test
SSDD_01099,SSDD,scene_11,test
SSDD_01100,SSDD,scene_11,test
SSDD_01101,SSDD,scene_11,test
SSDD_01102,SSDD,scene_11,test
SSDD_01103,SSDD,scene_11,test
SSDD_01104,SSDD,scene_11,test
SSDD_01105,SSDD,scene_11,test
SSDD_01106,SSDD,scene_11,test
SSDD_01107,SSDD,scene_11,test
SSDD_01108,SSDD,scene_11,test
SSDD_01109,SSDD,scene_11,test
SSDD_01110,SSDD,scene_11,test
SSDD_01111,SSDD,scene_11,test
SSDD_01112,SSDD,scene_11,test
SSDD_01113,SSDD,scene_11,test
SSDD_01114,SSDD,scene_11,test
SSDD_01115,SSDD,scene_11,test
SSDD_01116,SSDD,scene_11,test
SSDD_01117,SSDD,scene_11,test
SSDD_01118,SSDD,scene_11,test
SSDD_01119,SSDD,scene_11,test
SSDD_01120,SSDD,scene_11,test
SSDD_01121,SSDD,scene_11,test
SSDD_01122,SSDD,scene_11,test
SSDD_01123,SSDD,scene_11,test
SSDD_01124,SSDD,scene_11,test
SSDD_01125,SSDD,scene_11,test
SSDD_01126,SSDD,scene_11,test
SSDD_01127,SSDD,scene_11,test
SSDD_01128,SSDD,scene_11,test
SSDD_01129,SSDD,scene_11,test
SSDD_01130,SSDD,scene_11,test
SSDD_01131,SSDD,scene_11,test
SSDD_01132,SSDD,scene_11,test
SSDD_01133,SSDD,scene_11,test
SSDD_01134,SSDD,scene_11,test
SSDD_01135,SSDD,scene_11,test
SSDD_01136,SSDD,scene_11,test
SSDD_01137,SSDD,scene_11,test
SSDD_01138,SSDD,scene_11,test
SSDD_01139,SSDD,scene_11,test
SSDD_01140,SSDD,scene_11,test
SSDD_01141,SSDD,scene_11,test
SSDD_01142,SSDD,scene_11,test
SSDD_01143,SSDD,scene_11,test
SSDD_01144,SSDD,scene_11,test
SSDD_01145,SSDD,scene_11,test
SSDD_01146,SSDD,scene_11,test
SSDD_01147,SSDD,scene_11,test
SSDD_01148,SSDD,scene_11,test
SSDD_01149,SSDD,scene_11,test
SSDD_01150,SSDD,scene_11,test
SSDD_01151,SSDD,scene_11,test
SSDD_01152,SSDD,scene_11,test
SSDD_01153,SSDD,scene_11,test
SSDD_01154,SSDD,scene_11,test
SSDD_01155,SSDD,scene_11,test
SSDD_01156,SSDD,scene_11,test
SSDD_01157,SSDD,scene_11,test
SSDD_01158,SSDD,scene_11,test
SSDD_01159,SSDD,scene_11,test
SSDD_01160,SSDD,scene_11,test
RSDD_00001,RSDD,scene_01,train
RSDD_00002,RSDD,scene_01,train
RSDD_00003,RSDD,scene_01,train
RSDD_00004,RSDD,scene_01,train
RSDD_00005,RSDD,scene_01,train
RSDD_00006,RSDD,scene_01,train
RSDD_00007,RSDD,scene_01,train
RSDD_00008,RSDD,scene_01,train
RSDD_00009,RSDD,scene_01,train
RSDD_00010,RSDD,scene_01,train
RSDD_00011,RSDD,scene_01,train
RSDD_00012,RSDD,scene_01,train
RSDD_00013,RSDD,scene_01,train
RSDD_00014,RSDD,scene_01,train
RSDD_00015,RSDD,scene_01,train
RSDD_00016,RSDD,scene_01,train
RSDD_00017,RSDD,scene_01,train
RSDD_00018,RSDD,scene_01,train
RSDD_00019,RSDD,scene_01,train
RSDD_00020,RSDD,scene_01,train
RSDD_00021,RSDD,scene_01,train
RSDD_00022,RSDD,scene_01,train
RSDD_00023,RSDD,scene_01,train
RSDD_00024,RSDD,scene_01,train
RSDD_00025,RSDD,scene_01,train
RSDD_00026,RSDD,scene_01,train
RSDD_00027,RSDD,scene_01,train
RSDD_00028,RSDD,scene_01,train
RSDD_00029,RSDD,scene_01,train
RSDD_00030,RSDD,scene_01,train
RSDD_00031,RSDD,scene_01,train
RSDD_00032,RSDD,scene_01,train
RSDD_00033,RSDD,scene_01,train
RSDD_00034,RSDD,scene_01,train
RSDD_00035,RSDD,scene_01,train
RSDD_00036,RSDD,scene_01,train
RSDD_00037,RSDD,scene_01,train
RSDD_00038,RSDD,scene_01,train
RSDD_00039,RSDD,scene_01,train
RSDD_00040,RSDD,scene_01,train
RSDD_00041,RSDD,scene_01,train
RSDD_00042,RSDD,scene_01,train
RSDD_00043,RSDD,scene_01,train
RSDD_00044,RSDD,scene_01,train
RSDD_00045,RSDD,scene_01,train
RSDD_00046,RSDD,scene_01,train
RSDD_00047,RSDD,scene_01,train
RSDD_00048,RSDD,scene_01,train
RSDD_00049,RSDD,scene_01,train
RSDD_00050,RSDD,scene_01,train
RSDD_00051,RSDD,scene_01,train
RSDD_00052,RSDD,scene_01,train
RSDD_00053,RSDD,scene_01,train
RSDD_00054,RSDD,scene_01,train
RSDD_00055,RSDD,scene_01,train
RSDD_00056,RSDD,scene_01,train
RSDD_00057,RSDD,scene_01,train
RSDD_00058,RSDD,scene_01,train
RSDD_00059,RSDD,scene_01,train
RSDD_00060,RSDD,scene_01,train
RSDD_00061,RSDD,scene_01,train
RSDD_00062,RSDD,scene_01,train
RSDD_00063,RSDD,scene_01,train
RSDD_00064,RSDD,scene_01,train
RSDD_00065,RSDD,scene_01,train
RSDD_00066,RSDD,scene_01,train
RSDD_00067,RSDD,scene_01,train
RSDD_00068,RSDD,scene_01,train
RSDD_00069,RSDD,scene_01,train
RSDD_00070,RSDD,scene_01,train
RSDD_00071,RSDD,scene_01,train
RSDD_00072,RSDD,scene_01,train
RSDD_00073,RSDD,scene_01,train
RSDD_00074,RSDD,scene_01,train
RSDD_00075,RSDD,scene_01,train
RSDD_00076,RSDD,scene_01,train
RSDD_00077,RSDD,scene_01,train
RSDD_00078,RSDD,scene_01,train
RSDD_00079,RSDD,scene_01,train
RSDD_00080,RSDD,scene_01,train
RSDD_00081,RSDD,scene_01,train
RSDD_00082,RSDD,scene_01,train
RSDD_00083,RSDD,scene_01,train
RSDD_00084,RSDD,scene_01,train
RSDD_00085,RSDD,scene_01,train
RSDD_00086,RSDD,scene_01,train
RSDD_00087,RSDD,scene_01,train
RSDD_00088,RSDD,scene_01,train
RSDD_00089,RSDD,scene_01,train
RSDD_00090,RSDD,scene_01,train
RSDD_00091,RSDD,scene_01,train
RSDD_00092,RSDD,scene_01,train
RSDD_00093,RSDD,scene_01,train
RSDD_00094,RSDD,scene_01,train
RSDD_00095,RSDD,scene_01,train
RSDD_00096,RSDD,scene_01,train
RSDD_00097,RSDD,scene_01,train
RSDD_00098,RSDD,scene_01,train
RSDD_00099,RSDD,scene_01,train
RSDD_00100,RSDD,scene_01,train
RSDD_00101,RSDD,scene_01,train
RSDD_00102,RSDD,scene_01,train
RSDD_00103,RSDD,scene_01,train
RSDD_00104,RSDD,scene_01,train
RSDD_00105,RSDD,scene_01,train
RSDD_00106,RSDD,scene_01,train
RSDD_00107,RSDD,scene_01,train
RSDD_00108,RSDD,scene_01,train
RSDD_00109,RSDD,scene_01,train
RSDD_00110,RSDD,scene_01,train
RSDD_00111,RSDD,scene_01,train
RSDD_00112,RSDD,scene_01,train
RSDD_00113,RSDD,scene_01,train
RSDD_00114,RSDD,scene_01,train
RSDD_00115,RSDD,scene_01,train
RSDD_00116,RSDD,scene_01,train
RSDD_00117,RSDD,scene_01,train
RSDD_00118,RSDD,scene_01,train
RSDD_00119,RSDD,scene_01,train
RSDD_00120,RSDD,scene_01,train
RSDD_00121,RSDD,scene_01,train
RSDD_00122,RSDD,scene_01,train
RSDD_00123,RSDD,scene_01,train
RSDD_00124,RSDD,scene_01,train
RSDD_00125,RSDD,scene_01,train
RSDD_00126,RSDD,scene_01,train
RSDD_00127,RSDD,scene_01,train
RSDD_00128,RSDD,scene_01,train
RSDD_00129,RSDD,scene_01,train
RSDD_00130,RSDD,scene_01,train
RSDD_00131,RSDD,scene_01,train
RSDD_00132,RSDD,scene_01,train
RSDD_00133,RSDD,scene_01,train
RSDD_00134,RSDD,scene_01,train
RSDD_00135,RSDD,scene_01,train
RSDD_00136,RSDD,scene_01,train
RSDD_00137,RSDD,scene_01,train
RSDD_00138,RSDD,scene_01,train
RSDD_00139,RSDD,scene_01,train
RSDD_00140,RSDD,scene_01,train
RSDD_00141,RSDD,scene_01,train
RSDD_00142,RSDD,scene_01,train
RSDD_00143,RSDD,scene_01,train
RSDD_00144,RSDD,scene_01,train
RSDD_00145,RSDD,scene_01,train
RSDD_00146,RSDD,scene_01,train
RSDD_00147,RSDD,scene_01,train
RSDD_00148,RSDD,scene_01,train
RSDD_00149,RSDD,scene_01,train
RSDD_00150,RSDD,scene_01,train
RSDD_00151,RSDD,scene_01,train
RSDD_00152,RSDD,scene_01,train
RSDD_00153,RSDD,scene_01,train
RSDD_00154,RSDD,scene_01,train
RSDD_00155,RSDD,scene_01,train
RSDD_00156,RSDD,scene_01,train
RSDD_00157,RSDD,scene_01,train
RSDD_00158,RSDD,scene_01,train
RSDD_00159,RSDD,scene_01,train
RSDD_00160,RSDD,scene_01,train
RSDD_00161,RSDD,scene_01,train
RSDD_00162,RSDD,scene_01,train
RSDD_00163,RSDD,scene_01,train
RSDD_00164,RSDD,scene_01,train
RSDD_00165,RSDD,scene_01,train
RSDD_00166,RSDD,scene_01,train
RSDD_00167,RSDD,scene_01,train
RSDD_00168,RSDD,scene_01,train
RSDD_00169,RSDD,scene_01,train
RSDD_00170,RSDD,scene_01,train
RSDD_00171,RSDD,scene_01,train
RSDD_00172,RSDD,scene_01,train
RSDD_00173,RSDD,scene_01,train
RSDD_00174,RSDD,scene_01,train
RSDD_00175,RSDD,scene_01,train
RSDD_00176,RSDD,scene_01,train
RSDD_00177,RSDD,scene_01,train
RSDD_00178,RSDD,scene_01,train
RSDD_00179,RSDD,scene_01,train
RSDD_00180,RSDD,scene_01,train
RSDD_00181,RSDD,scene_01,train
RSDD_00182,RSDD,scene_01,train
RSDD_00183,RSDD,scene_01,train
RSDD_00184,RSDD,scene_01,train
RSDD_00185,RSDD,scene_01,train
RSDD_00186,RSDD,scene_01,train
RSDD_00187,RSDD,scene_01,train
RSDD_00188,RSDD,scene_01,train
RSDD_00189,RSDD,scene_01,train
RSDD_00190,RSDD,scene_01,train
RSDD_00191,RSDD,scene_01,train
RSDD_00192,RSDD,scene_01,train
RSDD_00193,RSDD,scene_01,train
RSDD_00194,RSDD,scene_01,train
RSDD_00195,RSDD,scene_01,train
RSDD_00196,RSDD,scene_01,train
RSDD_00197,RSDD,scene_01,train
RSDD_00198,RSDD,scene_01,train
RSDD_00199,RSDD,scene_01,train
RSDD_00200,RSDD,scene_01,train
RSDD_00201,RSDD,scene_01,train
RSDD_00202,RSDD,scene_01,train
RSDD_00203,RSDD,scene_01,train
RSDD_00204,RSDD,scene_01,train
RSDD_00205,RSDD,scene_01,train
RSDD_00206,RSDD,scene_01,train
RSDD_00207,RSDD,scene_01,train
RSDD_00208,RSDD,scene_01,train
RSDD_00209,RSDD,scene_01,train
RSDD_00210,RSDD,scene_01,train
RSDD_00211,RSDD,scene_01,train
RSDD_00212,RSDD,scene_01,train
RSDD_00213,RSDD,scene_01,train
RSDD_00214,RSDD,scene_01,train
RSDD_00215,RSDD,scene_01,train
RSDD_00216,RSDD,scene_01,train
RSDD_00217,RSDD,scene_01,train
RSDD_00218,RSDD,scene_01,train
RSDD_00219,RSDD,scene_01,train
RSDD_00220,RSDD,scene_01,train
RSDD_00221,RSDD,scene_01,train
RSDD_00222,RSDD,scene_01,train
RSDD_00223,RSDD,scene_01,train
RSDD_00224,RSDD,scene_01,train
RSDD_00225,RSDD,scene_01,train
RSDD_00226,RSDD,scene_01,train
RSDD_00227,RSDD,scene_01,train
RSDD_00228,RSDD,scene_01,train
RSDD_00229,RSDD,scene_01,train
RSDD_00230,RSDD,scene_01,train
RSDD_00231,RSDD,scene_01,train
RSDD_00232,RSDD,scene_01,train
RSDD_00233,RSDD,scene_01,train
RSDD_00234,RSDD,scene_01,train
RSDD_00235,RSDD,scene_01,train
RSDD_00236,RSDD,scene_01,train
RSDD_00237,RSDD,scene_01,train
RSDD_00238,RSDD,scene_01,train
RSDD_00239,RSDD,scene_01,train
RSDD_00240,RSDD,scene_01,train
RSDD_00241,RSDD,scene_01,train
RSDD_00242,RSDD,scene_01,train
RSDD_00243,RSDD,scene_01,train
RSDD_00244,RSDD,scene_01,train
RSDD_00245,RSDD,scene_01,train
RSDD_00246,RSDD,scene_01,train
RSDD_00247,RSDD,scene_01,train
RSDD_00248,RSDD,scene_01,train
RSDD_00249,RSDD,scene_01,train
RSDD_00250,RSDD,scene_01,train
RSDD_00251,RSDD,scene_01,train
RSDD_00252,RSDD,scene_01,train
RSDD_00253,RSDD,scene_01,train
RSDD_00254,RSDD,scene_01,train
RSDD_00255,RSDD,scene_01,train
RSDD_00256,RSDD,scene_01,train
RSDD_00257,RSDD,scene_01,train
RSDD_00258,RSDD,scene_01,train
RSDD_00259,RSDD,scene_01,train
RSDD_00260,RSDD,scene_01,train
RSDD_00261,RSDD,scene_01,train
RSDD_00262,RSDD,scene_01,train
RSDD_00263,RSDD,scene_01,train
RSDD_00264,RSDD,scene_01,train
RSDD_00265,RSDD,scene_01,train
RSDD_00266,RSDD,scene_01,train
RSDD_00267,RSDD,scene_01,train
RSDD_00268,RSDD,scene_01,train
RSDD_00269,RSDD,scene_01,train
RSDD_00270,RSDD,scene_01,train
RSDD_00271,RSDD,scene_01,train
RSDD_00272,RSDD,scene_01,train
RSDD_00273,RSDD,scene_01,train
RSDD_00274,RSDD,scene_01,train
RSDD_00275,RSDD,scene_01,train
RSDD_00276,RSDD,scene_01,train
RSDD_00277,RSDD,scene_01,train
RSDD_00278,RSDD,scene_01,train
RSDD_00279,RSDD,scene_01,train
RSDD_00280,RSDD,scene_01,train
RSDD_00281,RSDD,scene_01,train
RSDD_00282,RSDD,scene_01,train
RSDD_00283,RSDD,scene_01,train
RSDD_00284,RSDD,scene_01,train
RSDD_00285,RSDD,scene_01,train
RSDD_00286,RSDD,scene_01,train
RSDD_00287,RSDD,scene_01,train
RSDD_00288,RSDD,scene_01,train
RSDD_00289,RSDD,scene_01,train
RSDD_00290,RSDD,scene_01,train
RSDD_00291,RSDD,scene_01,train
RSDD_00292,RSDD,scene_01,train
RSDD_00293,RSDD,scene_01,train
RSDD_00294,RSDD,scene_01,train
RSDD_00295,RSDD,scene_01,train
RSDD_00296,RSDD,scene_01,train
RSDD_00297,RSDD,scene_01,train
RSDD_00298,RSDD,scene_01,train
RSDD_00299,RSDD,scene_01,train
RSDD_00300,RSDD,scene_01,train
RSDD_00301,RSDD,scene_01,train
RSDD_00302,RSDD,scene_01,train
RSDD_00303,RSDD,scene_01,train
RSDD_00304,RSDD,scene_01,train
RSDD_00305,RSDD,scene_01,train
RSDD_00306,RSDD,scene_01,train
RSDD_00307,RSDD,scene_01,train
RSDD_00308,RSDD,scene_01,train
RSDD_00309,RSDD,scene_01,train
RSDD_00310,RSDD,scene_01,train
RSDD_00311,RSDD,scene_01,train
RSDD_00312,RSDD,scene_01,train
RSDD_00313,RSDD,scene_01,train
RSDD_00314,RSDD,scene_01,train
RSDD_00315,RSDD,scene_01,train
RSDD_00316,RSDD,scene_01,train
RSDD_00317,RSDD,scene_01,train
RSDD_00318,RSDD,scene_01,train
RSDD_00319,RSDD,scene_01,train
RSDD_00320,RSDD,scene_01,train
RSDD_00321,RSDD,scene_01,train
RSDD_00322,RSDD,scene_01,train
RSDD_00323,RSDD,scene_01,train
RSDD_00324,RSDD,scene_01,train
RSDD_00325,RSDD,scene_01,train
RSDD_00326,RSDD,scene_01,train
RSDD_00327,RSDD,scene_01,train
RSDD_00328,RSDD,scene_01,train
RSDD_00329,RSDD,scene_01,train
RSDD_00330,RSDD,scene_01,train
RSDD_00331,RSDD,scene_01,train
RSDD_00332,RSDD,scene_01,train
RSDD_00333,RSDD,scene_01,train
RSDD_00334,RSDD,scene_01,train
RSDD_00335,RSDD,scene_01,train
RSDD_00336,RSDD,scene_01,train
RSDD_00337,RSDD,scene_01,train
RSDD_00338,RSDD,scene_01,train
RSDD_00339,RSDD,scene_01,train
RSDD_00340,RSDD,scene_01,train
RSDD_00341,RSDD,scene_01,train
RSDD_00342,RSDD,scene_01,train
RSDD_00343,RSDD,scene_01,train
RSDD_00344,RSDD,scene_01,train
RSDD_00345,RSDD,scene_01,train
RSDD_00346,RSDD,scene_01,train
RSDD_00347,RSDD,scene_01,train
RSDD_00348,RSDD,scene_01,train
RSDD_00349,RSDD,scene_01,train
RSDD_00350,RSDD,scene_01,train
RSDD_00351,RSDD,scene_01,train
RSDD_00352,RSDD,scene_01,train
RSDD_00353,RSDD,scene_01,train
RSDD_00354,RSDD,scene_01,train
RSDD_00355,RSDD,scene_01,train
RSDD_00356,RSDD,scene_01,train
RSDD_00357,RSDD,scene_01,train
RSDD_00358,RSDD,scene_01,train
RSDD_00359,RSDD,scene_01,train
RSDD_00360,RSDD,scene_01,train
RSDD_00361,RSDD,scene_01,train
RSDD_00362,RSDD,scene_01,train
RSDD_00363,RSDD,scene_01,train
RSDD_00364,RSDD,scene_01,train
RSDD_00365,RSDD,scene_01,train
RSDD_00366,RSDD,scene_01,train
RSDD_00367,RSDD,scene_01,train
RSDD_00368,RSDD,scene_01,train
RSDD_00369,RSDD,scene_01,train
RSDD_00370,RSDD,scene_01,train
RSDD_00371,RSDD,scene_01,train
RSDD_00372,RSDD,scene_01,train
RSDD_00373,RSDD,scene_01,train
RSDD_00374,RSDD,scene_01,train
RSDD_00375,RSDD,scene_01,train
RSDD_00376,RSDD,scene_01,train
RSDD_00377,RSDD,scene_01,train
RSDD_00378,RSDD,scene_01,train
RSDD_00379,RSDD,scene_01,train
RSDD_00380,RSDD,scene_01,train
RSDD_00381,RSDD,scene_01,train
RSDD_00382,RSDD,scene_01,train
RSDD_00383,RSDD,scene_01,train
RSDD_00384,RSDD,scene_01,train
RSDD_00385,RSDD,scene_01,train
RSDD_00386,RSDD,scene_01,train
RSDD_00387,RSDD,scene_01,train
RSDD_00388,RSDD,scene_01,train
RSDD_00389,RSDD,scene_01,train
RSDD_00390,RSDD,scene_01,train
RSDD_00391,RSDD,scene_01,train
RSDD_00392,RSDD,scene_01,train
RSDD_00393,RSDD,scene_01,train
RSDD_00394,RSDD,scene_01,train
RSDD_00395,RSDD,scene_01,train
RSDD_00396,RSDD,scene_01,train
RSDD_00397,RSDD,scene_01,train
RSDD_00398,RSDD,scene_01,train
RSDD_00399,RSDD,scene_01,train
RSDD_00400,RSDD,scene_01,train
RSDD_00401,RSDD,scene_02,train
RSDD_00402,RSDD,scene_02,train
RSDD_00403,RSDD,scene_02,train
RSDD_00404,RSDD,scene_02,train
RSDD_00405,RSDD,scene_02,train
RSDD_00406,RSDD,scene_02,train
RSDD_00407,RSDD,scene_02,train
RSDD_00408,RSDD,scene_02,train
RSDD_00409,RSDD,scene_02,train
RSDD_00410,RSDD,scene_02,train
RSDD_00411,RSDD,scene_02,train
RSDD_00412,RSDD,scene_02,train
RSDD_00413,RSDD,scene_02,train
RSDD_00414,RSDD,scene_02,train
RSDD_00415,RSDD,scene_02,train
RSDD_00416,RSDD,scene_02,train
RSDD_00417,RSDD,scene_02,train
RSDD_00418,RSDD,scene_02,train
RSDD_00419,RSDD,scene_02,train
RSDD_00420,RSDD,scene_02,train
RSDD_00421,RSDD,scene_02,train
RSDD_00422,RSDD,scene_02,train
RSDD_00423,RSDD,scene_02,train
RSDD_00424,RSDD,scene_02,train
RSDD_00425,RSDD,scene_02,train
RSDD_00426,RSDD,scene_02,train
RSDD_00427,RSDD,scene_02,train
RSDD_00428,RSDD,scene_02,train
RSDD_00429,RSDD,scene_02,train
RSDD_00430,RSDD,scene_02,train
RSDD_00431,RSDD,scene_02,train
RSDD_00432,RSDD,scene_02,train
RSDD_00433,RSDD,scene_02,train
RSDD_00434,RSDD,scene_02,train
RSDD_00435,RSDD,scene_02,train
RSDD_00436,RSDD,scene_02,train
RSDD_00437,RSDD,scene_02,train
RSDD_00438,RSDD,scene_02,train
RSDD_00439,RSDD,scene_02,train
RSDD_00440,RSDD,scene_02,train
RSDD_00441,RSDD,scene_02,train
RSDD_00442,RSDD,scene_02,train
RSDD_00443,RSDD,scene_02,train
RSDD_00444,RSDD,scene_02,train
RSDD_00445,RSDD,scene_02,train
RSDD_00446,RSDD,scene_02,train
RSDD_00447,RSDD,scene_02,train
RSDD_00448,RSDD,scene_02,train
RSDD_00449,RSDD,scene_02,train
RSDD_00450,RSDD,scene_02,train
RSDD_00451,RSDD,scene_02,train
RSDD_00452,RSDD,scene_02,train
RSDD_00453,RSDD,scene_02,train
RSDD_00454,RSDD,scene_02,train
RSDD_00455,RSDD,scene_02,train
RSDD_00456,RSDD,scene_02,train
RSDD_00457,RSDD,scene_02,train
RSDD_00458,RSDD,scene_02,train
RSDD_00459,RSDD,scene_02,train
RSDD_00460,RSDD,scene_02,train
RSDD_00461,RSDD,scene_02,train
RSDD_00462,RSDD,scene_02,train
RSDD_00463,RSDD,scene_02,train
RSDD_00464,RSDD,scene_02,train
RSDD_00465,RSDD,scene_02,train
RSDD_00466,RSDD,scene_02,train
RSDD_00467,RSDD,scene_02,train
RSDD_00468,RSDD,scene_02,train
RSDD_00469,RSDD,scene_02,train
RSDD_00470,RSDD,scene_02,train
RSDD_00471,RSDD,scene_02,train
RSDD_00472,RSDD,scene_02,train
RSDD_00473,RSDD,scene_02,train
RSDD_00474,RSDD,scene_02,train
RSDD_00475,RSDD,scene_02,train
RSDD_00476,RSDD,scene_02,train
RSDD_00477,RSDD,scene_02,train
RSDD_00478,RSDD,scene_02,train
RSDD_00479,RSDD,scene_02,train
RSDD_00480,RSDD,scene_02,train
RSDD_00481,RSDD,scene_02,train
RSDD_00482,RSDD,scene_02,train
RSDD_00483,RSDD,scene_02,train
RSDD_00484,RSDD,scene_02,train
RSDD_00485,RSDD,scene_02,train
RSDD_00486,RSDD,scene_02,train
RSDD_00487,RSDD,scene_02,train
RSDD_00488,RSDD,scene_02,train
RSDD_00489,RSDD,scene_02,train
RSDD_00490,RSDD,scene_02,train
RSDD_00491,RSDD,scene_02,train
RSDD_00492,RSDD,scene_02,train
RSDD_00493,RSDD,scene_02,train
RSDD_00494,RSDD,scene_02,train
RSDD_00495,RSDD,scene_02,train
RSDD_00496,RSDD,scene_02,train
RSDD_00497,RSDD,scene_02,train
RSDD_00498,RSDD,scene_02,train
RSDD_00499,RSDD,scene_02,train
RSDD_00500,RSDD,scene_02,train
RSDD_00501,RSDD,scene_02,train
RSDD_00502,RSDD,scene_02,train
RSDD_00503,RSDD,scene_02,train
RSDD_00504,RSDD,scene_02,train
RSDD_00505,RSDD,scene_02,train
RSDD_00506,RSDD,scene_02,train
RSDD_00507,RSDD,scene_02,train
RSDD_00508,RSDD,scene_02,train
RSDD_00509,RSDD,scene_02,train
RSDD_00510,RSDD,scene_02,train
RSDD_00511,RSDD,scene_02,train
RSDD_00512,RSDD,scene_02,train
RSDD_00513,RSDD,scene_02,train
RSDD_00514,RSDD,scene_02,train
RSDD_00515,RSDD,scene_02,train
RSDD_00516,RSDD,scene_02,train
RSDD_00517,RSDD,scene_02,train
RSDD_00518,RSDD,scene_02,train
RSDD_00519,RSDD,scene_02,train
RSDD_00520,RSDD,scene_02,train
RSDD_00521,RSDD,scene_02,train
RSDD_00522,RSDD,scene_02,train
RSDD_00523,RSDD,scene_02,train
RSDD_00524,RSDD,scene_02,train
RSDD_00525,RSDD,scene_02,train
RSDD_00526,RSDD,scene_02,train
RSDD_00527,RSDD,scene_02,train
RSDD_00528,RSDD,scene_02,train
RSDD_00529,RSDD,scene_02,train
RSDD_00530,RSDD,scene_02,train
RSDD_00531,RSDD,scene_02,train
RSDD_00532,RSDD,scene_02,train
RSDD_00533,RSDD,scene_02,train
RSDD_00534,RSDD,scene_02,train
RSDD_00535,RSDD,scene_02,train
RSDD_00536,RSDD,scene_02,train
RSDD_00537,RSDD,scene_02,train
RSDD_00538,RSDD,scene_02,train
RSDD_00539,RSDD,scene_02,train
RSDD_00540,RSDD,scene_02,train
RSDD_00541,RSDD,scene_02,train
RSDD_00542,RSDD,scene_02,train
RSDD_00543,RSDD,scene_02,train
RSDD_00544,RSDD,scene_02,train
RSDD_00545,RSDD,scene_02,train
RSDD_00546,RSDD,scene_02,train
RSDD_00547,RSDD,scene_02,train
RSDD_00548,RSDD,scene_02,train
RSDD_00549,RSDD,scene_02,train
RSDD_00550,RSDD,scene_02,train
RSDD_00551,RSDD,scene_02,train
RSDD_00552,RSDD,scene_02,train
RSDD_00553,RSDD,scene_02,train
RSDD_00554,RSDD,scene_02,train
RSDD_00555,RSDD,scene_02,train
RSDD_00556,RSDD,scene_02,train
RSDD_00557,RSDD,scene_02,train
RSDD_00558,RSDD,scene_02,train
RSDD_00559,RSDD,scene_02,train
RSDD_00560,RSDD,scene_02,train
RSDD_00561,RSDD,scene_02,train
RSDD_00562,RSDD,scene_02,train
RSDD_00563,RSDD,scene_02,train
RSDD_00564,RSDD,scene_02,train
RSDD_00565,RSDD,scene_02,train
RSDD_00566,RSDD,scene_02,train
RSDD_00567,RSDD,scene_02,train
RSDD_00568,RSDD,scene_02,train
RSDD_00569,RSDD,scene_02,train
RSDD_00570,RSDD,scene_02,train
RSDD_00571,RSDD,scene_02,train
RSDD_00572,RSDD,scene_02,train
RSDD_00573,RSDD,scene_02,train
RSDD_00574,RSDD,scene_02,train
RSDD_00575,RSDD,scene_02,train
RSDD_00576,RSDD,scene_02,train
RSDD_00577,RSDD,scene_02,train
RSDD_00578,RSDD,scene_02,train
RSDD_00579,RSDD,scene_02,train
RSDD_00580,RSDD,scene_02,train
RSDD_00581,RSDD,scene_02,train
RSDD_00582,RSDD,scene_02,train
RSDD_00583,RSDD,scene_02,train
RSDD_00584,RSDD,scene_02,train
RSDD_00585,RSDD,scene_02,train
RSDD_00586,RSDD,scene_02,train
RSDD_00587,RSDD,scene_02,train
RSDD_00588,RSDD,scene_02,train
RSDD_00589,RSDD,scene_02,train
RSDD_00590,RSDD,scene_02,train
RSDD_00591,RSDD,scene_02,train
RSDD_00592,RSDD,scene_02,train
RSDD_00593,RSDD,scene_02,train
RSDD_00594,RSDD,scene_02,train
RSDD_00595,RSDD,scene_02,train
RSDD_00596,RSDD,scene_02,train
RSDD_00597,RSDD,scene_02,train
RSDD_00598,RSDD,scene_02,train
RSDD_00599,RSDD,scene_02,train
RSDD_00600,RSDD,scene_02,train
RSDD_00601,RSDD,scene_02,train
RSDD_00602,RSDD,scene_02,train
RSDD_00603,RSDD,scene_02,train
RSDD_00604,RSDD,scene_02,train
RSDD_00605,RSDD,scene_02,train
RSDD_00606,RSDD,scene_02,train
RSDD_00607,RSDD,scene_02,train
RSDD_00608,RSDD,scene_02,train
RSDD_00609,RSDD,scene_02,train
RSDD_00610,RSDD,scene_02,train
RSDD_00611,RSDD,scene_02,train
RSDD_00612,RSDD,scene_02,train
RSDD_00613,RSDD,scene_02,train
RSDD_00614,RSDD,scene_02,train
RSDD_00615,RSDD,scene_02,train
RSDD_00616,RSDD,scene_02,train
RSDD_00617,RSDD,scene_02,train
RSDD_00618,RSDD,scene_02,train
RSDD_00619,RSDD,scene_02,train
RSDD_00620,RSDD,scene_02,train
RSDD_00621,RSDD,scene_02,train
RSDD_00622,RSDD,scene_02,train
RSDD_00623,RSDD,scene_02,train
RSDD_00624,RSDD,scene_02,train
RSDD_00625,RSDD,scene_02,train
RSDD_00626,RSDD,scene_02,train
RSDD_00627,RSDD,scene_02,train
RSDD_00628,RSDD,scene_02,train
RSDD_00629,RSDD,scene_02,train
RSDD_00630,RSDD,scene_02,train
RSDD_00631,RSDD,scene_02,train
RSDD_00632,RSDD,scene_02,train
RSDD_00633,RSDD,scene_02,train
RSDD_00634,RSDD,scene_02,train
RSDD_00635,RSDD,scene_02,train
RSDD_00636,RSDD,scene_02,train
RSDD_00637,RSDD,scene_02,train
RSDD_00638,RSDD,scene_02,train
RSDD_00639,RSDD,scene_02,train
RSDD_00640,RSDD,scene_02,train
RSDD_00641,RSDD,scene_02,train
RSDD_00642,RSDD,scene_02,train
RSDD_00643,RSDD,scene_02,train
RSDD_00644,RSDD,scene_02,train
RSDD_00645,RSDD,scene_02,train
RSDD_00646,RSDD,scene_02,train
RSDD_00647,RSDD,scene_02,train
RSDD_00648,RSDD,scene_02,train
RSDD_00649,RSDD,scene_02,train
RSDD_00650,RSDD,scene_02,train
RSDD_00651,RSDD,scene_02,train
RSDD_00652,RSDD,scene_02,train
RSDD_00653,RSDD,scene_02,train
RSDD_00654,RSDD,scene_02,train
RSDD_00655,RSDD,scene_02,train
RSDD_00656,RSDD,scene_02,train
RSDD_00657,RSDD,scene_02,train
RSDD_00658,RSDD,scene_02,train
RSDD_00659,RSDD,scene_02,train
RSDD_00660,RSDD,scene_02,train
RSDD_00661,RSDD,scene_02,train
RSDD_00662,RSDD,scene_02,train
RSDD_00663,RSDD,scene_02,train
RSDD_00664,RSDD,scene_02,train
RSDD_00665,RSDD,scene_02,train
RSDD_00666,RSDD,scene_02,train
RSDD_00667,RSDD,scene_02,train
RSDD_00668,RSDD,scene_02,train
RSDD_00669,RSDD,scene_02,train
RSDD_00670,RSDD,scene_02,train
RSDD_00671,RSDD,scene_02,train
RSDD_00672,RSDD,scene_02,train
RSDD_00673,RSDD,scene_02,train
RSDD_00674,RSDD,scene_02,train
RSDD_00675,RSDD,scene_02,train
RSDD_00676,RSDD,scene_02,train
RSDD_00677,RSDD,scene_02,train
RSDD_00678,RSDD,scene_02,train
RSDD_00679,RSDD,scene_02,train
RSDD_00680,RSDD,scene_02,train
RSDD_00681,RSDD,scene_02,train
RSDD_00682,RSDD,scene_02,train
RSDD_00683,RSDD,scene_02,train
RSDD_00684,RSDD,scene_02,train
RSDD_00685,RSDD,scene_02,train
RSDD_00686,RSDD,scene_02,train
RSDD_00687,RSDD,scene_02,train
RSDD_00688,RSDD,scene_02,train
RSDD_00689,RSDD,scene_02,train
RSDD_00690,RSDD,scene_02,train
RSDD_00691,RSDD,scene_02,train
RSDD_00692,RSDD,scene_02,train
RSDD_00693,RSDD,scene_02,train
RSDD_00694,RSDD,scene_02,train
RSDD_00695,RSDD,scene_02,train
RSDD_00696,RSDD,scene_02,train
RSDD_00697,RSDD,scene_02,train
RSDD_00698,RSDD,scene_02,train
RSDD_00699,RSDD,scene_02,train
RSDD_00700,RSDD,scene_02,train
RSDD_00701,RSDD,scene_02,train
RSDD_00702,RSDD,scene_02,train
RSDD_00703,RSDD,scene_02,train
RSDD_00704,RSDD,scene_02,train
RSDD_00705,RSDD,scene_02,train
RSDD_00706,RSDD,scene_02,train
RSDD_00707,RSDD,scene_02,train
RSDD_00708,RSDD,scene_02,train
RSDD_00709,RSDD,scene_02,train
RSDD_00710,RSDD,scene_02,train
RSDD_00711,RSDD,scene_02,train
RSDD_00712,RSDD,scene_02,train
RSDD_00713,RSDD,scene_02,train
RSDD_00714,RSDD,scene_02,train
RSDD_00715,RSDD,scene_02,train
RSDD_00716,RSDD,scene_02,train
RSDD_00717,RSDD,scene_02,train
RSDD_00718,RSDD,scene_02,train
RSDD_00719,RSDD,scene_02,train
RSDD_00720,RSDD,scene_02,train
RSDD_00721,RSDD,scene_02,train
RSDD_00722,RSDD,scene_02,train
RSDD_00723,RSDD,scene_02,train
RSDD_00724,RSDD,scene_02,train
RSDD_00725,RSDD,scene_02,train
RSDD_00726,RSDD,scene_02,train
RSDD_00727,RSDD,scene_02,train
RSDD_00728,RSDD,scene_02,train
RSDD_00729,RSDD,scene_02,train
RSDD_00730,RSDD,scene_02,train
RSDD_00731,RSDD,scene_02,train
RSDD_00732,RSDD,scene_02,train
RSDD_00733,RSDD,scene_02,train
RSDD_00734,RSDD,scene_02,train
RSDD_00735,RSDD,scene_02,train
RSDD_00736,RSDD,scene_02,train
RSDD_00737,RSDD,scene_02,train
RSDD_00738,RSDD,scene_02,train
RSDD_00739,RSDD,scene_02,train
RSDD_00740,RSDD,scene_02,train
RSDD_00741,RSDD,scene_02,train
RSDD_00742,RSDD,scene_02,train
RSDD_00743,RSDD,scene_02,train
RSDD_00744,RSDD,scene_02,train
RSDD_00745,RSDD,scene_02,train
RSDD_00746,RSDD,scene_02,train
RSDD_00747,RSDD,scene_02,train
RSDD_00748,RSDD,scene_02,train
RSDD_00749,RSDD,scene_02,train
RSDD_00750,RSDD,scene_02,train
RSDD_00751,RSDD,scene_02,train
RSDD_00752,RSDD,scene_02,train
RSDD_00753,RSDD,scene_02,train
RSDD_00754,RSDD,scene_02,train
RSDD_00755,RSDD,scene_02,train
RSDD_00756,RSDD,scene_02,train
RSDD_00757,RSDD,scene_02,train
RSDD_00758,RSDD,scene_02,train
RSDD_00759,RSDD,scene_02,train
RSDD_00760,RSDD,scene_02,train
RSDD_00761,RSDD,scene_02,train
RSDD_00762,RSDD,scene_02,train
RSDD_00763,RSDD,scene_02,train
RSDD_00764,RSDD,scene_02,train
RSDD_00765,RSDD,scene_02,train
RSDD_00766,RSDD,scene_02,train
RSDD_00767,RSDD,scene_02,train
RSDD_00768,RSDD,scene_02,train
RSDD_00769,RSDD,scene_02,train
RSDD_00770,RSDD,scene_02,train
RSDD_00771,RSDD,scene_02,train
RSDD_00772,RSDD,scene_02,train
RSDD_00773,RSDD,scene_02,train
RSDD_00774,RSDD,scene_02,train
RSDD_00775,RSDD,scene_02,train
RSDD_00776,RSDD,scene_02,train
RSDD_00777,RSDD,scene_02,train
RSDD_00778,RSDD,scene_02,train
RSDD_00779,RSDD,scene_02,train
RSDD_00780,RSDD,scene_02,train
RSDD_00781,RSDD,scene_02,train
RSDD_00782,RSDD,scene_02,train
RSDD_00783,RSDD,scene_02,train
RSDD_00784,RSDD,scene_02,train
RSDD_00785,RSDD,scene_02,train
RSDD_00786,RSDD,scene_02,train
RSDD_00787,RSDD,scene_02,train
RSDD_00788,RSDD,scene_02,train
RSDD_00789,RSDD,scene_02,train
RSDD_00790,RSDD,scene_02,train
RSDD_00791,RSDD,scene_02,train
RSDD_00792,RSDD,scene_02,train
RSDD_00793,RSDD,scene_02,train
RSDD_00794,RSDD,scene_02,train
RSDD_00795,RSDD,scene_02,train
RSDD_00796,RSDD,scene_02,train
RSDD_00797,RSDD,scene_02,train
RSDD_00798,RSDD,scene_02,train
RSDD_00799,RSDD,scene_02,train
RSDD_00800,RSDD,scene_02,train
RSDD_00801,RSDD,scene_03,train
RSDD_00802,RSDD,scene_03,train
RSDD_00803,RSDD,scene_03,train
RSDD_00804,RSDD,scene_03,train
RSDD_00805,RSDD,scene_03,train
RSDD_00806,RSDD,scene_03,train
RSDD_00807,RSDD,scene_03,train
RSDD_00808,RSDD,scene_03,train
RSDD_00809,RSDD,scene_03,train
RSDD_00810,RSDD,scene_03,train
RSDD_00811,RSDD,scene_03,train
RSDD_00812,RSDD,scene_03,train
RSDD_00813,RSDD,scene_03,train
RSDD_00814,RSDD,scene_03,train
RSDD_00815,RSDD,scene_03,train
RSDD_00816,RSDD,scene_03,train
RSDD_00817,RSDD,scene_03,train
RSDD_00818,RSDD,scene_03,train
RSDD_00819,RSDD,scene_03,train
RSDD_00820,RSDD,scene_03,train
RSDD_00821,RSDD,scene_03,train
RSDD_00822,RSDD,scene_03,train
RSDD_00823,RSDD,scene_03,train
RSDD_00824,RSDD,scene_03,train
RSDD_00825,RSDD,scene_03,train
RSDD_00826,RSDD,scene_03,train
RSDD_00827,RSDD,scene_03,train
RSDD_00828,RSDD,scene_03,train
RSDD_00829,RSDD,scene_03,train
RSDD_00830,RSDD,scene_03,train
RSDD_00831,RSDD,scene_03,train
RSDD_00832,RSDD,scene_03,train
RSDD_00833,RSDD,scene_03,train
RSDD_00834,RSDD,scene_03,train
RSDD_00835,RSDD,scene_03,train
RSDD_00836,RSDD,scene_03,train
RSDD_00837,RSDD,scene_03,train
RSDD_00838,RSDD,scene_03,train
RSDD_00839,RSDD,scene_03,train
RSDD_00840,RSDD,scene_03,train
RSDD_00841,RSDD,scene_03,train
RSDD_00842,RSDD,scene_03,train
RSDD_00843,RSDD,scene_03,train
RSDD_00844,RSDD,scene_03,train
RSDD_00845,RSDD,scene_03,train
RSDD_00846,RSDD,scene_03,train
RSDD_00847,RSDD,scene_03,train
RSDD_00848,RSDD,scene_03,train
RSDD_00849,RSDD,scene_03,train
RSDD_00850,RSDD,scene_03,train
RSDD_00851,RSDD,scene_03,train
RSDD_00852,RSDD,scene_03,train
RSDD_00853,RSDD,scene_03,train
RSDD_00854,RSDD,scene_03,train
RSDD_00855,RSDD,scene_03,train
RSDD_00856,RSDD,scene_03,train
RSDD_00857,RSDD,scene_03,train
RSDD_00858,RSDD,scene_03,train
RSDD_00859,RSDD,scene_03,train
RSDD_00860,RSDD,scene_03,train
RSDD_00861,RSDD,scene_03,train
RSDD_00862,RSDD,scene_03,train
RSDD_00863,RSDD,scene_03,train
RSDD_00864,RSDD,scene_03,train
RSDD_00865,RSDD,scene_03,train
RSDD_00866,RSDD,scene_03,train
RSDD_00867,RSDD,scene_03,train
RSDD_00868,RSDD,scene_03,train
RSDD_00869,RSDD,scene_03,train
RSDD_00870,RSDD,scene_03,train
RSDD_00871,RSDD,scene_03,train
RSDD_00872,RSDD,scene_03,train
RSDD_00873,RSDD,scene_03,train
RSDD_00874,RSDD,scene_03,train
RSDD_00875,RSDD,scene_03,train
RSDD_00876,RSDD,scene_03,train
RSDD_00877,RSDD,scene_03,train
RSDD_00878,RSDD,scene_03,train
RSDD_00879,RSDD,scene_03,train
RSDD_00880,RSDD,scene_03,train
RSDD_00881,RSDD,scene_03,train
RSDD_00882,RSDD,scene_03,train
RSDD_00883,RSDD,scene_03,train
RSDD_00884,RSDD,scene_03,train
RSDD_00885,RSDD,scene_03,train
RSDD_00886,RSDD,scene_03,train
RSDD_00887,RSDD,scene_03,train
RSDD_00888,RSDD,scene_03,train
RSDD_00889,RSDD,scene_03,train
RSDD_00890,RSDD,scene_03,train
RSDD_00891,RSDD,scene_03,train
RSDD_00892,RSDD,scene_03,train
RSDD_00893,RSDD,scene_03,train
RSDD_00894,RSDD,scene_03,train
RSDD_00895,RSDD,scene_03,train
RSDD_00896,RSDD,scene_03,train
RSDD_00897,RSDD,scene_03,train
RSDD_00898,RSDD,scene_03,train
RSDD_00899,RSDD,scene_03,train
RSDD_00900,RSDD,scene_03,train
RSDD_00901,RSDD,scene_03,train
RSDD_00902,RSDD,scene_03,train
RSDD_00903,RSDD,scene_03,train
RSDD_00904,RSDD,scene_03,train
RSDD_00905,RSDD,scene_03,train
RSDD_00906,RSDD,scene_03,train
RSDD_00907,RSDD,scene_03,train
RSDD_00908,RSDD,scene_03,train
RSDD_00909,RSDD,scene_03,train
RSDD_00910,RSDD,scene_03,train
RSDD_00911,RSDD,scene_03,train
RSDD_00912,RSDD,scene_03,train
RSDD_00913,RSDD,scene_03,train
RSDD_00914,RSDD,scene_03,train
RSDD_00915,RSDD,scene_03,train
RSDD_00916,RSDD,scene_03,train
RSDD_00917,RSDD,scene_03,train
RSDD_00918,RSDD,scene_03,train
RSDD_00919,RSDD,scene_03,train
RSDD_00920,RSDD,scene_03,train
RSDD_00921,RSDD,scene_03,train
RSDD_00922,RSDD,scene_03,train
RSDD_00923,RSDD,scene_03,train
RSDD_00924,RSDD,scene_03,train
RSDD_00925,RSDD,scene_03,train
RSDD_00926,RSDD,scene_03,train
RSDD_00927,RSDD,scene_03,train
RSDD_00928,RSDD,scene_03,train
RSDD_00929,RSDD,scene_03,train
RSDD_00930,RSDD,scene_03,train
RSDD_00931,RSDD,scene_03,train
RSDD_00932,RSDD,scene_03,train
RSDD_00933,RSDD,scene_03,train
RSDD_00934,RSDD,scene_03,train
RSDD_00935,RSDD,scene_03,train
RSDD_00936,RSDD,scene_03,train
RSDD_00937,RSDD,scene_03,train
RSDD_00938,RSDD,scene_03,train
RSDD_00939,RSDD,scene_03,train
RSDD_00940,RSDD,scene_03,train
RSDD_00941,RSDD,scene_03,train
RSDD_00942,RSDD,scene_03,train
RSDD_00943,RSDD,scene_03,train
RSDD_00944,RSDD,scene_03,train
RSDD_00945,RSDD,scene_03,train
RSDD_00946,RSDD,scene_03,train
RSDD_00947,RSDD,scene_03,train
RSDD_00948,RSDD,scene_03,train
RSDD_00949,RSDD,scene_03,train
RSDD_00950,RSDD,scene_03,train
RSDD_00951,RSDD,scene_03,train
RSDD_00952,RSDD,scene_03,train
RSDD_00953,RSDD,scene_03,train
RSDD_00954,RSDD,scene_03,train
RSDD_00955,RSDD,scene_03,train
RSDD_00956,RSDD,scene_03,train
RSDD_00957,RSDD,scene_03,train
RSDD_00958,RSDD,scene_03,train
RSDD_00959,RSDD,scene_03,train
RSDD_00960,RSDD,scene_03,train
RSDD_00961,RSDD,scene_03,train
RSDD_00962,RSDD,scene_03,train
RSDD_00963,RSDD,scene_03,train
RSDD_00964,RSDD,scene_03,train
RSDD_00965,RSDD,scene_03,train
RSDD_00966,RSDD,scene_03,train
RSDD_00967,RSDD,scene_03,train
RSDD_00968,RSDD,scene_03,train
RSDD_00969,RSDD,scene_03,train
RSDD_00970,RSDD,scene_03,train
RSDD_00971,RSDD,scene_03,train
RSDD_00972,RSDD,scene_03,train
RSDD_00973,RSDD,scene_03,train
RSDD_00974,RSDD,scene_03,train
RSDD_00975,RSDD,scene_03,train
RSDD_00976,RSDD,scene_03,train
RSDD_00977,RSDD,scene_03,train
RSDD_00978,RSDD,scene_03,train
RSDD_00979,RSDD,scene_03,train
RSDD_00980,RSDD,scene_03,train
RSDD_00981,RSDD,scene_03,train
RSDD_00982,RSDD,scene_03,train
RSDD_00983,RSDD,scene_03,train
RSDD_00984,RSDD,scene_03,train
RSDD_00985,RSDD,scene_03,train
RSDD_00986,RSDD,scene_03,train
RSDD_00987,RSDD,scene_03,train
RSDD_00988,RSDD,scene_03,train
RSDD_00989,RSDD,scene_03,train
RSDD_00990,RSDD,scene_03,train
RSDD_00991,RSDD,scene_03,train
RSDD_00992,RSDD,scene_03,train
RSDD_00993,RSDD,scene_03,train
RSDD_00994,RSDD,scene_03,train
RSDD_00995,RSDD,scene_03,train
RSDD_00996,RSDD,scene_03,train
RSDD_00997,RSDD,scene_03,train
RSDD_00998,RSDD,scene_03,train
RSDD_00999,RSDD,scene_03,train
RSDD_01000,RSDD,scene_03,train
RSDD_01001,RSDD,scene_03,train
RSDD_01002,RSDD,scene_03,train
RSDD_01003,RSDD,scene_03,train
RSDD_01004,RSDD,scene_03,train
RSDD_01005,RSDD,scene_03,train
RSDD_01006,RSDD,scene_03,train
RSDD_01007,RSDD,scene_03,train
RSDD_01008,RSDD,scene_03,train
RSDD_01009,RSDD,scene_03,train
RSDD_01010,RSDD,scene_03,train
RSDD_01011,RSDD,scene_03,train
RSDD_01012,RSDD,scene_03,train
RSDD_01013,RSDD,scene_03,train
RSDD_01014,RSDD,scene_03,train
RSDD_01015,RSDD,scene_03,train
RSDD_01016,RSDD,scene_03,train
RSDD_01017,RSDD,scene_03,train
RSDD_01018,RSDD,scene_03,train
RSDD_01019,RSDD,scene_03,train
RSDD_01020,RSDD,scene_03,train
RSDD_01021,RSDD,scene_03,train
RSDD_01022,RSDD,scene_03,train
RSDD_01023,RSDD,scene_03,train
RSDD_01024,RSDD,scene_03,train
RSDD_01025,RSDD,scene_03,train
RSDD_01026,RSDD,scene_03,train
RSDD_01027,RSDD,scene_03,train
RSDD_01028,RSDD,scene_03,train
RSDD_01029,RSDD,scene_03,train
RSDD_01030,RSDD,scene_03,train
RSDD_01031,RSDD,scene_03,train
RSDD_01032,RSDD,scene_03,train
RSDD_01033,RSDD,scene_03,train
RSDD_01034,RSDD,scene_03,train
RSDD_01035,RSDD,scene_03,train
RSDD_01036,RSDD,scene_03,train
RSDD_01037,RSDD,scene_03,train
RSDD_01038,RSDD,scene_03,train
RSDD_01039,RSDD,scene_03,train
RSDD_01040,RSDD,scene_03,train
RSDD_01041,RSDD,scene_03,train
RSDD_01042,RSDD,scene_03,train
RSDD_01043,RSDD,scene_03,train
RSDD_01044,RSDD,scene_03,train
RSDD_01045,RSDD,scene_03,train
RSDD_01046,RSDD,scene_03,train
RSDD_01047,RSDD,scene_03,train
RSDD_01048,RSDD,scene_03,train
RSDD_01049,RSDD,scene_03,train
RSDD_01050,RSDD,scene_03,train
RSDD_01051,RSDD,scene_03,train
RSDD_01052,RSDD,scene_03,train
RSDD_01053,RSDD,scene_03,train
RSDD_01054,RSDD,scene_03,train
RSDD_01055,RSDD,scene_03,train
RSDD_01056,RSDD,scene_03,train
RSDD_01057,RSDD,scene_03,train
RSDD_01058,RSDD,scene_03,train
RSDD_01059,RSDD,scene_03,train
RSDD_01060,RSDD,scene_03,train
RSDD_01061,RSDD,scene_03,train
RSDD_01062,RSDD,scene_03,train
RSDD_01063,RSDD,scene_03,train
RSDD_01064,RSDD,scene_03,train
RSDD_01065,RSDD,scene_03,train
RSDD_01066,RSDD,scene_03,train
RSDD_01067,RSDD,scene_03,train
RSDD_01068,RSDD,scene_03,train
RSDD_01069,RSDD,scene_03,train
RSDD_01070,RSDD,scene_03,train
RSDD_01071,RSDD,scene_03,train
RSDD_01072,RSDD,scene_03,train
RSDD_01073,RSDD,scene_03,train
RSDD_01074,RSDD,scene_03,train
RSDD_01075,RSDD,scene_03,train
RSDD_01076,RSDD,scene_03,train
RSDD_01077,RSDD,scene_03,train
RSDD_01078,RSDD,scene_03,train
RSDD_01079,RSDD,scene_03,train
RSDD_01080,RSDD,scene_03,train
RSDD_01081,RSDD,scene_03,train
RSDD_01082,RSDD,scene_03,train
RSDD_01083,RSDD,scene_03,train
RSDD_01084,RSDD,scene_03,train
RSDD_01085,RSDD,scene_03,train
RSDD_01086,RSDD,scene_03,train
RSDD_01087,RSDD,scene_03,train
RSDD_01088,RSDD,scene_03,train
RSDD_01089,RSDD,scene_03,train
RSDD_01090,RSDD,scene_03,train
RSDD_01091,RSDD,scene_03,train
RSDD_01092,RSDD,scene_03,train
RSDD_01093,RSDD,scene_03,train
RSDD_01094,RSDD,scene_03,train
RSDD_01095,RSDD,scene_03,train
RSDD_01096,RSDD,scene_03,train
RSDD_01097,RSDD,scene_03,train
RSDD_01098,RSDD,scene_03,train
RSDD_01099,RSDD,scene_03,train
RSDD_01100,RSDD,scene_03,train
RSDD_01101,RSDD,scene_03,train
RSDD_01102,RSDD,scene_03,train
RSDD_01103,RSDD,scene_03,train
RSDD_01104,RSDD,scene_03,train
RSDD_01105,RSDD,scene_03,train
RSDD_01106,RSDD,scene_03,train
RSDD_01107,RSDD,scene_03,train
RSDD_01108,RSDD,scene_03,train
RSDD_01109,RSDD,scene_03,train
RSDD_01110,RSDD,scene_03,train
RSDD_01111,RSDD,scene_03,train
RSDD_01112,RSDD,scene_03,train
RSDD_01113,RSDD,scene_03,train
RSDD_01114,RSDD,scene_03,train
RSDD_01115,RSDD,scene_03,train
RSDD_01116,RSDD,scene_03,train
RSDD_01117,RSDD,scene_03,train
RSDD_01118,RSDD,scene_03,train
RSDD_01119,RSDD,scene_03,train
RSDD_01120,RSDD,scene_03,train
RSDD_01121,RSDD,scene_03,train
RSDD_01122,RSDD,scene_03,train
RSDD_01123,RSDD,scene_03,train
RSDD_01124,RSDD,scene_03,train
RSDD_01125,RSDD,scene_03,train
RSDD_01126,RSDD,scene_03,train
RSDD_01127,RSDD,scene_03,train
RSDD_01128,RSDD,scene_03,train
RSDD_01129,RSDD,scene_03,train
RSDD_01130,RSDD,scene_03,train
RSDD_01131,RSDD,scene_03,train
RSDD_01132,RSDD,scene_03,train
RSDD_01133,RSDD,scene_03,train
RSDD_01134,RSDD,scene_03,train
RSDD_01135,RSDD,scene_03,train
RSDD_01136,RSDD,scene_03,train
RSDD_01137,RSDD,scene_03,train
RSDD_01138,RSDD,scene_03,train
RSDD_01139,RSDD,scene_03,train
RSDD_01140,RSDD,scene_03,train
RSDD_01141,RSDD,scene_03,train
RSDD_01142,RSDD,scene_03,train
RSDD_01143,RSDD,scene_03,train
RSDD_01144,RSDD,scene_03,train
RSDD_01145,RSDD,scene_03,train
RSDD_01146,RSDD,scene_03,train
RSDD_01147,RSDD,scene_03,train
RSDD_01148,RSDD,scene_03,train
RSDD_01149,RSDD,scene_03,train
RSDD_01150,RSDD,scene_03,train
RSDD_01151,RSDD,scene_03,train
RSDD_01152,RSDD,scene_03,train
RSDD_01153,RSDD,scene_03,train
RSDD_01154,RSDD,scene_03,train
RSDD_01155,RSDD,scene_03,train
RSDD_01156,RSDD,scene_03,train
RSDD_01157,RSDD,scene_03,train
RSDD_01158,RSDD,scene_03,train
RSDD_01159,RSDD,scene_03,train
RSDD_01160,RSDD,scene_03,train
RSDD_01161,RSDD,scene_03,train
RSDD_01162,RSDD,scene_03,train
RSDD_01163,RSDD,scene_03,train
RSDD_01164,RSDD,scene_03,train
RSDD_01165,RSDD,scene_03,train
RSDD_01166,RSDD,scene_03,train
RSDD_01167,RSDD,scene_03,train
RSDD_01168,RSDD,scene_03,train
RSDD_01169,RSDD,scene_03,train
RSDD_01170,RSDD,scene_03,train
RSDD_01171,RSDD,scene_03,train
RSDD_01172,RSDD,scene_03,train
RSDD_01173,RSDD,scene_03,train
RSDD_01174,RSDD,scene_03,train
RSDD_01175,RSDD,scene_03,train
RSDD_01176,RSDD,scene_03,train
RSDD_01177,RSDD,scene_03,train
RSDD_01178,RSDD,scene_03,train
RSDD_01179,RSDD,scene_03,train
RSDD_01180,RSDD,scene_03,train
RSDD_01181,RSDD,scene_03,train
RSDD_01182,RSDD,scene_03,train
RSDD_01183,RSDD,scene_03,train
RSDD_01184,RSDD,scene_03,train
RSDD_01185,RSDD,scene_03,train
RSDD_01186,RSDD,scene_03,train
RSDD_01187,RSDD,scene_03,train
RSDD_01188,RSDD,scene_03,train
RSDD_01189,RSDD,scene_03,train
RSDD_01190,RSDD,scene_03,train
RSDD_01191,RSDD,scene_03,train
RSDD_01192,RSDD,scene_03,train
RSDD_01193,RSDD,scene_03,train
RSDD_01194,RSDD,scene_03,train
RSDD_01195,RSDD,scene_03,train
RSDD_01196,RSDD,scene_03,train
RSDD_01197,RSDD,scene_03,train
RSDD_01198,RSDD,scene_03,train
RSDD_01199,RSDD,scene_03,train
RSDD_01200,RSDD,scene_03,train
RSDD_01201,RSDD,scene_04,train
RSDD_01202,RSDD,scene_04,train
RSDD_01203,RSDD,scene_04,train
RSDD_01204,RSDD,scene_04,train
RSDD_01205,RSDD,scene_04,train
RSDD_01206,RSDD,scene_04,train
RSDD_01207,RSDD,scene_04,train
RSDD_01208,RSDD,scene_04,train
RSDD_01209,RSDD,scene_04,train
RSDD_01210,RSDD,scene_04,train
RSDD_01211,RSDD,scene_04,train
RSDD_01212,RSDD,scene_04,train
RSDD_01213,RSDD,scene_04,train
RSDD_01214,RSDD,scene_04,train
RSDD_01215,RSDD,scene_04,train
RSDD_01216,RSDD,scene_04,train
RSDD_01217,RSDD,scene_04,train
RSDD_01218,RSDD,scene_04,train
RSDD_01219,RSDD,scene_04,train
RSDD_01220,RSDD,scene_04,train
RSDD_01221,RSDD,scene_04,train
RSDD_01222,RSDD,scene_04,train
RSDD_01223,RSDD,scene_04,train
RSDD_01224,RSDD,scene_04,train
RSDD_01225,RSDD,scene_04,train
RSDD_01226,RSDD,scene_04,train
RSDD_01227,RSDD,scene_04,train
RSDD_01228,RSDD,scene_04,train
RSDD_01229,RSDD,scene_04,train
RSDD_01230,RSDD,scene_04,train
RSDD_01231,RSDD,scene_04,train
RSDD_01232,RSDD,scene_04,train
RSDD_01233,RSDD,scene_04,train
RSDD_01234,RSDD,scene_04,train
RSDD_01235,RSDD,scene_04,train
RSDD_01236,RSDD,scene_04,train
RSDD_01237,RSDD,scene_04,train
RSDD_01238,RSDD,scene_04,train
RSDD_01239,RSDD,scene_04,train
RSDD_01240,RSDD,scene_04,train
RSDD_01241,RSDD,scene_04,train
RSDD_01242,RSDD,scene_04,train
RSDD_01243,RSDD,scene_04,train
RSDD_01244,RSDD,scene_04,train
RSDD_01245,RSDD,scene_04,train
RSDD_01246,RSDD,scene_04,train
RSDD_01247,RSDD,scene_04,train
RSDD_01248,RSDD,scene_04,train
RSDD_01249,RSDD,scene_04,train
RSDD_01250,RSDD,scene_04,train
RSDD_01251,RSDD,scene_04,train
RSDD_01252,RSDD,scene_04,train
RSDD_01253,RSDD,scene_04,train
RSDD_01254,RSDD,scene_04,train
RSDD_01255,RSDD,scene_04,train
RSDD_01256,RSDD,scene_04,train
RSDD_01257,RSDD,scene_04,train
RSDD_01258,RSDD,scene_04,train
RSDD_01259,RSDD,scene_04,train
RSDD_01260,RSDD,scene_04,train
RSDD_01261,RSDD,scene_04,train
RSDD_01262,RSDD,scene_04,train
RSDD_01263,RSDD,scene_04,train
RSDD_01264,RSDD,scene_04,train
RSDD_01265,RSDD,scene_04,train
RSDD_01266,RSDD,scene_04,train
RSDD_01267,RSDD,scene_04,train
RSDD_01268,RSDD,scene_04,train
RSDD_01269,RSDD,scene_04,train
RSDD_01270,RSDD,scene_04,train
RSDD_01271,RSDD,scene_04,train
RSDD_01272,RSDD,scene_04,train
RSDD_01273,RSDD,scene_04,train
RSDD_01274,RSDD,scene_04,train
RSDD_01275,RSDD,scene_04,train
RSDD_01276,RSDD,scene_04,train
RSDD_01277,RSDD,scene_04,train
RSDD_01278,RSDD,scene_04,train
RSDD_01279,RSDD,scene_04,train
RSDD_01280,RSDD,scene_04,train
RSDD_01281,RSDD,scene_04,train
RSDD_01282,RSDD,scene_04,train
RSDD_01283,RSDD,scene_04,train
RSDD_01284,RSDD,scene_04,train
RSDD_01285,RSDD,scene_04,train
RSDD_01286,RSDD,scene_04,train
RSDD_01287,RSDD,scene_04,train
RSDD_01288,RSDD,scene_04,train
RSDD_01289,RSDD,scene_04,train
RSDD_01290,RSDD,scene_04,train
RSDD_01291,RSDD,scene_04,train
RSDD_01292,RSDD,scene_04,train
RSDD_01293,RSDD,scene_04,train
RSDD_01294,RSDD,scene_04,train
RSDD_01295,RSDD,scene_04,train
RSDD_01296,RSDD,scene_04,train
RSDD_01297,RSDD,scene_04,train
RSDD_01298,RSDD,scene_04,train
RSDD_01299,RSDD,scene_04,train
RSDD_01300,RSDD,scene_04,train
RSDD_01301,RSDD,scene_04,train
RSDD_01302,RSDD,scene_04,train
RSDD_01303,RSDD,scene_04,train
RSDD_01304,RSDD,scene_04,train
RSDD_01305,RSDD,scene_04,train
RSDD_01306,RSDD,scene_04,train
RSDD_01307,RSDD,scene_04,train
RSDD_01308,RSDD,scene_04,train
RSDD_01309,RSDD,scene_04,train
RSDD_01310,RSDD,scene_04,train
RSDD_01311,RSDD,scene_04,train
RSDD_01312,RSDD,scene_04,train
RSDD_01313,RSDD,scene_04,train
RSDD_01314,RSDD,scene_04,train
RSDD_01315,RSDD,scene_04,train
RSDD_01316,RSDD,scene_04,train
RSDD_01317,RSDD,scene_04,train
RSDD_01318,RSDD,scene_04,train
RSDD_01319,RSDD,scene_04,train
RSDD_01320,RSDD,scene_04,train
RSDD_01321,RSDD,scene_04,train
RSDD_01322,RSDD,scene_04,train
RSDD_01323,RSDD,scene_04,train
RSDD_01324,RSDD,scene_04,train
RSDD_01325,RSDD,scene_04,train
RSDD_01326,RSDD,scene_04,train
RSDD_01327,RSDD,scene_04,train
RSDD_01328,RSDD,scene_04,train
RSDD_01329,RSDD,scene_04,train
RSDD_01330,RSDD,scene_04,train
RSDD_01331,RSDD,scene_04,train
RSDD_01332,RSDD,scene_04,train
RSDD_01333,RSDD,scene_04,train
RSDD_01334,RSDD,scene_04,train
RSDD_01335,RSDD,scene_04,train
RSDD_01336,RSDD,scene_04,train
RSDD_01337,RSDD,scene_04,train
RSDD_01338,RSDD,scene_04,train
RSDD_01339,RSDD,scene_04,train
RSDD_01340,RSDD,scene_04,train
RSDD_01341,RSDD,scene_04,train
RSDD_01342,RSDD,scene_04,train
RSDD_01343,RSDD,scene_04,train
RSDD_01344,RSDD,scene_04,train
RSDD_01345,RSDD,scene_04,train
RSDD_01346,RSDD,scene_04,train
RSDD_01347,RSDD,scene_04,train
RSDD_01348,RSDD,scene_04,train
RSDD_01349,RSDD,scene_04,train
RSDD_01350,RSDD,scene_04,train
RSDD_01351,RSDD,scene_04,train
RSDD_01352,RSDD,scene_04,train
RSDD_01353,RSDD,scene_04,train
RSDD_01354,RSDD,scene_04,train
RSDD_01355,RSDD,scene_04,train
RSDD_01356,RSDD,scene_04,train
RSDD_01357,RSDD,scene_04,train
RSDD_01358,RSDD,scene_04,train
RSDD_01359,RSDD,scene_04,train
RSDD_01360,RSDD,scene_04,train
RSDD_01361,RSDD,scene_04,train
RSDD_01362,RSDD,scene_04,train
RSDD_01363,RSDD,scene_04,train
RSDD_01364,RSDD,scene_04,train
RSDD_01365,RSDD,scene_04,train
RSDD_01366,RSDD,scene_04,train
RSDD_01367,RSDD,scene_04,train
RSDD_01368,RSDD,scene_04,train
RSDD_01369,RSDD,scene_04,train
RSDD_01370,RSDD,scene_04,train
RSDD_01371,RSDD,scene_04,train
RSDD_01372,RSDD,scene_04,train
RSDD_01373,RSDD,scene_04,train
RSDD_01374,RSDD,scene_04,train
RSDD_01375,RSDD,scene_04,train
RSDD_01376,RSDD,scene_04,train
RSDD_01377,RSDD,scene_04,train
RSDD_01378,RSDD,scene_04,train
RSDD_01379,RSDD,scene_04,train
RSDD_01380,RSDD,scene_04,train
RSDD_01381,RSDD,scene_04,train
RSDD_01382,RSDD,scene_04,train
RSDD_01383,RSDD,scene_04,train
RSDD_01384,RSDD,scene_04,train
RSDD_01385,RSDD,scene_04,train
RSDD_01386,RSDD,scene_04,train
RSDD_01387,RSDD,scene_04,train
RSDD_01388,RSDD,scene_04,train
RSDD_01389,RSDD,scene_04,train
RSDD_01390,RSDD,scene_04,train
RSDD_01391,RSDD,scene_04,train
RSDD_01392,RSDD,scene_04,train
RSDD_01393,RSDD,scene_04,train
RSDD_01394,RSDD,scene_04,train
RSDD_01395,RSDD,scene_04,train
RSDD_01396,RSDD,scene_04,train
RSDD_01397,RSDD,scene_04,train
RSDD_01398,RSDD,scene_04,train
RSDD_01399,RSDD,scene_04,train
RSDD_01400,RSDD,scene_04,train
RSDD_01401,RSDD,scene_04,train
RSDD_01402,RSDD,scene_04,train
RSDD_01403,RSDD,scene_04,train
RSDD_01404,RSDD,scene_04,train
RSDD_01405,RSDD,scene_04,train
RSDD_01406,RSDD,scene_04,train
RSDD_01407,RSDD,scene_04,train
RSDD_01408,RSDD,scene_04,train
RSDD_01409,RSDD,scene_04,train
RSDD_01410,RSDD,scene_04,train
RSDD_01411,RSDD,scene_04,train
RSDD_01412,RSDD,scene_04,train
RSDD_01413,RSDD,scene_04,train
RSDD_01414,RSDD,scene_04,train
RSDD_01415,RSDD,scene_04,train
RSDD_01416,RSDD,scene_04,train
RSDD_01417,RSDD,scene_04,train
RSDD_01418,RSDD,scene_04,train
RSDD_01419,RSDD,scene_04,train
RSDD_01420,RSDD,scene_04,train
RSDD_01421,RSDD,scene_04,train
RSDD_01422,RSDD,scene_04,train
RSDD_01423,RSDD,scene_04,train
RSDD_01424,RSDD,scene_04,train
RSDD_01425,RSDD,scene_04,train
RSDD_01426,RSDD,scene_04,train
RSDD_01427,RSDD,scene_04,train
RSDD_01428,RSDD,scene_04,train
RSDD_01429,RSDD,scene_04,train
RSDD_01430,RSDD,scene_04,train
RSDD_01431,RSDD,scene_04,train
RSDD_01432,RSDD,scene_04,train
RSDD_01433,RSDD,scene_04,train
RSDD_01434,RSDD,scene_04,train
RSDD_01435,RSDD,scene_04,train
RSDD_01436,RSDD,scene_04,train
RSDD_01437,RSDD,scene_04,train
RSDD_01438,RSDD,scene_04,train
RSDD_01439,RSDD,scene_04,train
RSDD_01440,RSDD,scene_04,train
RSDD_01441,RSDD,scene_04,train
RSDD_01442,RSDD,scene_04,train
RSDD_01443,RSDD,scene_04,train
RSDD_01444,RSDD,scene_04,train
RSDD_01445,RSDD,scene_04,train
RSDD_01446,RSDD,scene_04,train
RSDD_01447,RSDD,scene_04,train
RSDD_01448,RSDD,scene_04,train
RSDD_01449,RSDD,scene_04,train
RSDD_01450,RSDD,scene_04,train
RSDD_01451,RSDD,scene_04,train
RSDD_01452,RSDD,scene_04,train
RSDD_01453,RSDD,scene_04,train
RSDD_01454,RSDD,scene_04,train
RSDD_01455,RSDD,scene_04,train
RSDD_01456,RSDD,scene_04,train
RSDD_01457,RSDD,scene_04,train
RSDD_01458,RSDD,scene_04,train
RSDD_01459,RSDD,scene_04,train
RSDD_01460,RSDD,scene_04,train
RSDD_01461,RSDD,scene_04,train
RSDD_01462,RSDD,scene_04,train
RSDD_01463,RSDD,scene_04,train
RSDD_01464,RSDD,scene_04,train
RSDD_01465,RSDD,scene_04,train
RSDD_01466,RSDD,scene_04,train
RSDD_01467,RSDD,scene_04,train
RSDD_01468,RSDD,scene_04,train
RSDD_01469,RSDD,scene_04,train
RSDD_01470,RSDD,scene_04,train
RSDD_01471,RSDD,scene_04,train
RSDD_01472,RSDD,scene_04,train
RSDD_01473,RSDD,scene_04,train
RSDD_01474,RSDD,scene_04,train
RSDD_01475,RSDD,scene_04,train
RSDD_01476,RSDD,scene_04,train
RSDD_01477,RSDD,scene_04,train
RSDD_01478,RSDD,scene_04,train
RSDD_01479,RSDD,scene_04,train
RSDD_01480,RSDD,scene_04,train
RSDD_01481,RSDD,scene_04,train
RSDD_01482,RSDD,scene_04,train
RSDD_01483,RSDD,scene_04,train
RSDD_01484,RSDD,scene_04,train
RSDD_01485,RSDD,scene_04,train
RSDD_01486,RSDD,scene_04,train
RSDD_01487,RSDD,scene_04,train
RSDD_01488,RSDD,scene_04,train
RSDD_01489,RSDD,scene_04,train
RSDD_01490,RSDD,scene_04,train
RSDD_01491,RSDD,scene_04,train
RSDD_01492,RSDD,scene_04,train
RSDD_01493,RSDD,scene_04,train
RSDD_01494,RSDD,scene_04,train
RSDD_01495,RSDD,scene_04,train
RSDD_01496,RSDD,scene_04,train
RSDD_01497,RSDD,scene_04,train
RSDD_01498,RSDD,scene_04,train
RSDD_01499,RSDD,scene_04,train
RSDD_01500,RSDD,scene_04,train
RSDD_01501,RSDD,scene_04,train
RSDD_01502,RSDD,scene_04,train
RSDD_01503,RSDD,scene_04,train
RSDD_01504,RSDD,scene_04,train
RSDD_01505,RSDD,scene_04,train
RSDD_01506,RSDD,scene_04,train
RSDD_01507,RSDD,scene_04,train
RSDD_01508,RSDD,scene_04,train
RSDD_01509,RSDD,scene_04,train
RSDD_01510,RSDD,scene_04,train
RSDD_01511,RSDD,scene_04,train
RSDD_01512,RSDD,scene_04,train
RSDD_01513,RSDD,scene_04,train
RSDD_01514,RSDD,scene_04,train
RSDD_01515,RSDD,scene_04,train
RSDD_01516,RSDD,scene_04,train
RSDD_01517,RSDD,scene_04,train
RSDD_01518,RSDD,scene_04,train
RSDD_01519,RSDD,scene_04,train
RSDD_01520,RSDD,scene_04,train
RSDD_01521,RSDD,scene_04,train
RSDD_01522,RSDD,scene_04,train
RSDD_01523,RSDD,scene_04,train
RSDD_01524,RSDD,scene_04,train
RSDD_01525,RSDD,scene_04,train
RSDD_01526,RSDD,scene_04,train
RSDD_01527,RSDD,scene_04,train
RSDD_01528,RSDD,scene_04,train
RSDD_01529,RSDD,scene_04,train
RSDD_01530,RSDD,scene_04,train
RSDD_01531,RSDD,scene_04,train
RSDD_01532,RSDD,scene_04,train
RSDD_01533,RSDD,scene_04,train
RSDD_01534,RSDD,scene_04,train
RSDD_01535,RSDD,scene_04,train
RSDD_01536,RSDD,scene_04,train
RSDD_01537,RSDD,scene_04,train
RSDD_01538,RSDD,scene_04,train
RSDD_01539,RSDD,scene_04,train
RSDD_01540,RSDD,scene_04,train
RSDD_01541,RSDD,scene_04,train
RSDD_01542,RSDD,scene_04,train
RSDD_01543,RSDD,scene_04,train
RSDD_01544,RSDD,scene_04,train
RSDD_01545,RSDD,scene_04,train
RSDD_01546,RSDD,scene_04,train
RSDD_01547,RSDD,scene_04,train
RSDD_01548,RSDD,scene_04,train
RSDD_01549,RSDD,scene_04,train
RSDD_01550,RSDD,scene_04,train
RSDD_01551,RSDD,scene_04,train
RSDD_01552,RSDD,scene_04,train
RSDD_01553,RSDD,scene_04,train
RSDD_01554,RSDD,scene_04,train
RSDD_01555,RSDD,scene_04,train
RSDD_01556,RSDD,scene_04,train
RSDD_01557,RSDD,scene_04,train
RSDD_01558,RSDD,scene_04,train
RSDD_01559,RSDD,scene_04,train
RSDD_01560,RSDD,scene_04,train
RSDD_01561,RSDD,scene_04,train
RSDD_01562,RSDD,scene_04,train
RSDD_01563,RSDD,scene_04,train
RSDD_01564,RSDD,scene_04,train
RSDD_01565,RSDD,scene_04,train
RSDD_01566,RSDD,scene_04,train
RSDD_01567,RSDD,scene_04,train
RSDD_01568,RSDD,scene_04,train
RSDD_01569,RSDD,scene_04,train
RSDD_01570,RSDD,scene_04,train
RSDD_01571,RSDD,scene_04,train
RSDD_01572,RSDD,scene_04,train
RSDD_01573,RSDD,scene_04,train
RSDD_01574,RSDD,scene_04,train
RSDD_01575,RSDD,scene_04,train
RSDD_01576,RSDD,scene_04,train
RSDD_01577,RSDD,scene_04,train
RSDD_01578,RSDD,scene_04,train
RSDD_01579,RSDD,scene_04,train
RSDD_01580,RSDD,scene_04,train
RSDD_01581,RSDD,scene_04,train
RSDD_01582,RSDD,scene_04,train
RSDD_01583,RSDD,scene_04,train
RSDD_01584,RSDD,scene_04,train
RSDD_01585,RSDD,scene_04,train
RSDD_01586,RSDD,scene_04,train
RSDD_01587,RSDD,scene_04,train
RSDD_01588,RSDD,scene_04,train
RSDD_01589,RSDD,scene_04,train
RSDD_01590,RSDD,scene_04,train
RSDD_01591,RSDD,scene_04,train
RSDD_01592,RSDD,scene_04,train
RSDD_01593,RSDD,scene_04,train
RSDD_01594,RSDD,scene_04,train
RSDD_01595,RSDD,scene_04,train
RSDD_01596,RSDD,scene_04,train
RSDD_01597,RSDD,scene_04,train
RSDD_01598,RSDD,scene_04,train
RSDD_01599,RSDD,scene_04,train
RSDD_01600,RSDD,scene_04,train
RSDD_01601,RSDD,scene_05,train
RSDD_01602,RSDD,scene_05,train
RSDD_01603,RSDD,scene_05,train
RSDD_01604,RSDD,scene_05,train
RSDD_01605,RSDD,scene_05,train
RSDD_01606,RSDD,scene_05,train
RSDD_01607,RSDD,scene_05,train
RSDD_01608,RSDD,scene_05,train
RSDD_01609,RSDD,scene_05,train
RSDD_01610,RSDD,scene_05,train
RSDD_01611,RSDD,scene_05,train
RSDD_01612,RSDD,scene_05,train
RSDD_01613,RSDD,scene_05,train
RSDD_01614,RSDD,scene_05,train
RSDD_01615,RSDD,scene_05,train
RSDD_01616,RSDD,scene_05,train
RSDD_01617,RSDD,scene_05,train
RSDD_01618,RSDD,scene_05,train
RSDD_01619,RSDD,scene_05,train
RSDD_01620,RSDD,scene_05,train
RSDD_01621,RSDD,scene_05,train
RSDD_01622,RSDD,scene_05,train
RSDD_01623,RSDD,scene_05,train
RSDD_01624,RSDD,scene_05,train
RSDD_01625,RSDD,scene_05,train
RSDD_01626,RSDD,scene_05,train
RSDD_01627,RSDD,scene_05,train
RSDD_01628,RSDD,scene_05,train
RSDD_01629,RSDD,scene_05,train
RSDD_01630,RSDD,scene_05,train
RSDD_01631,RSDD,scene_05,train
RSDD_01632,RSDD,scene_05,train
RSDD_01633,RSDD,scene_05,train
RSDD_01634,RSDD,scene_05,train
RSDD_01635,RSDD,scene_05,train
RSDD_01636,RSDD,scene_05,train
RSDD_01637,RSDD,scene_05,train
RSDD_01638,RSDD,scene_05,train
RSDD_01639,RSDD,scene_05,train
RSDD_01640,RSDD,scene_05,train
RSDD_01641,RSDD,scene_05,train
RSDD_01642,RSDD,scene_05,train
RSDD_01643,RSDD,scene_05,train
RSDD_01644,RSDD,scene_05,train
RSDD_01645,RSDD,scene_05,train
RSDD_01646,RSDD,scene_05,train
RSDD_01647,RSDD,scene_05,train
RSDD_01648,RSDD,scene_05,train
RSDD_01649,RSDD,scene_05,train
RSDD_01650,RSDD,scene_05,train
RSDD_01651,RSDD,scene_05,train
RSDD_01652,RSDD,scene_05,train
RSDD_01653,RSDD,scene_05,train
RSDD_01654,RSDD,scene_05,train
RSDD_01655,RSDD,scene_05,train
RSDD_01656,RSDD,scene_05,train
RSDD_01657,RSDD,scene_05,train
RSDD_01658,RSDD,scene_05,train
RSDD_01659,RSDD,scene_05,train
RSDD_01660,RSDD,scene_05,train
RSDD_01661,RSDD,scene_05,train
RSDD_01662,RSDD,scene_05,train
RSDD_01663,RSDD,scene_05,train
RSDD_01664,RSDD,scene_05,train
RSDD_01665,RSDD,scene_05,train
RSDD_01666,RSDD,scene_05,train
RSDD_01667,RSDD,scene_05,train
RSDD_01668,RSDD,scene_05,train
RSDD_01669,RSDD,scene_05,train
RSDD_01670,RSDD,scene_05,train
RSDD_01671,RSDD,scene_05,train
RSDD_01672,RSDD,scene_05,train
RSDD_01673,RSDD,scene_05,train
RSDD_01674,RSDD,scene_05,train
RSDD_01675,RSDD,scene_05,train
RSDD_01676,RSDD,scene_05,train
RSDD_01677,RSDD,scene_05,train
RSDD_01678,RSDD,scene_05,train
RSDD_01679,RSDD,scene_05,train
RSDD_01680,RSDD,scene_05,train
RSDD_01681,RSDD,scene_05,train
RSDD_01682,RSDD,scene_05,train
RSDD_01683,RSDD,scene_05,train
RSDD_01684,RSDD,scene_05,train
RSDD_01685,RSDD,scene_05,train
RSDD_01686,RSDD,scene_05,train
RSDD_01687,RSDD,scene_05,train
RSDD_01688,RSDD,scene_05,train
RSDD_01689,RSDD,scene_05,train
RSDD_01690,RSDD,scene_05,train
RSDD_01691,RSDD,scene_05,train
RSDD_01692,RSDD,scene_05,train
RSDD_01693,RSDD,scene_05,train
RSDD_01694,RSDD,scene_05,train
RSDD_01695,RSDD,scene_05,train
RSDD_01696,RSDD,scene_05,train
RSDD_01697,RSDD,scene_05,train
RSDD_01698,RSDD,scene_05,train
RSDD_01699,RSDD,scene_05,train
RSDD_01700,RSDD,scene_05,train
RSDD_01701,RSDD,scene_05,train
RSDD_01702,RSDD,scene_05,train
RSDD_01703,RSDD,scene_05,train
RSDD_01704,RSDD,scene_05,train
RSDD_01705,RSDD,scene_05,train
RSDD_01706,RSDD,scene_05,train
RSDD_01707,RSDD,scene_05,train
RSDD_01708,RSDD,scene_05,train
RSDD_01709,RSDD,scene_05,train
RSDD_01710,RSDD,scene_05,train
RSDD_01711,RSDD,scene_05,train
RSDD_01712,RSDD,scene_05,train
RSDD_01713,RSDD,scene_05,train
RSDD_01714,RSDD,scene_05,train
RSDD_01715,RSDD,scene_05,train
RSDD_01716,RSDD,scene_05,train
RSDD_01717,RSDD,scene_05,train
RSDD_01718,RSDD,scene_05,train
RSDD_01719,RSDD,scene_05,train
RSDD_01720,RSDD,scene_05,train
RSDD_01721,RSDD,scene_05,train
RSDD_01722,RSDD,scene_05,train
RSDD_01723,RSDD,scene_05,train
RSDD_01724,RSDD,scene_05,train
RSDD_01725,RSDD,scene_05,train
RSDD_01726,RSDD,scene_05,train
RSDD_01727,RSDD,scene_05,train
RSDD_01728,RSDD,scene_05,train
RSDD_01729,RSDD,scene_05,train
RSDD_01730,RSDD,scene_05,train
RSDD_01731,RSDD,scene_05,train
RSDD_01732,RSDD,scene_05,train
RSDD_01733,RSDD,scene_05,train
RSDD_01734,RSDD,scene_05,train
RSDD_01735,RSDD,scene_05,train
RSDD_01736,RSDD,scene_05,train
RSDD_01737,RSDD,scene_05,train
RSDD_01738,RSDD,scene_05,train
RSDD_01739,RSDD,scene_05,train
RSDD_01740,RSDD,scene_05,train
RSDD_01741,RSDD,scene_05,train
RSDD_01742,RSDD,scene_05,train
RSDD_01743,RSDD,scene_05,train
RSDD_01744,RSDD,scene_05,train
RSDD_01745,RSDD,scene_05,train
RSDD_01746,RSDD,scene_05,train
RSDD_01747,RSDD,scene_05,train
RSDD_01748,RSDD,scene_05,train
RSDD_01749,RSDD,scene_05,train
RSDD_01750,RSDD,scene_05,train
RSDD_01751,RSDD,scene_05,train
RSDD_01752,RSDD,scene_05,train
RSDD_01753,RSDD,scene_05,train
RSDD_01754,RSDD,scene_05,train
RSDD_01755,RSDD,scene_05,train
RSDD_01756,RSDD,scene_05,train
RSDD_01757,RSDD,scene_05,train
RSDD_01758,RSDD,scene_05,train
RSDD_01759,RSDD,scene_05,train
RSDD_01760,RSDD,scene_05,train
RSDD_01761,RSDD,scene_05,train
RSDD_01762,RSDD,scene_05,train
RSDD_01763,RSDD,scene_05,train
RSDD_01764,RSDD,scene_05,train
RSDD_01765,RSDD,scene_05,train
RSDD_01766,RSDD,scene_05,train
RSDD_01767,RSDD,scene_05,train
RSDD_01768,RSDD,scene_05,train
RSDD_01769,RSDD,scene_05,train
RSDD_01770,RSDD,scene_05,train
RSDD_01771,RSDD,scene_05,train
RSDD_01772,RSDD,scene_05,train
RSDD_01773,RSDD,scene_05,train
RSDD_01774,RSDD,scene_05,train
RSDD_01775,RSDD,scene_05,train
RSDD_01776,RSDD,scene_05,train
RSDD_01777,RSDD,scene_05,train
RSDD_01778,RSDD,scene_05,train
RSDD_01779,RSDD,scene_05,train
RSDD_01780,RSDD,scene_05,train
RSDD_01781,RSDD,scene_05,train
RSDD_01782,RSDD,scene_05,train
RSDD_01783,RSDD,scene_05,train
RSDD_01784,RSDD,scene_05,train
RSDD_01785,RSDD,scene_05,train
RSDD_01786,RSDD,scene_05,train
RSDD_01787,RSDD,scene_05,train
RSDD_01788,RSDD,scene_05,train
RSDD_01789,RSDD,scene_05,train
RSDD_01790,RSDD,scene_05,train
RSDD_01791,RSDD,scene_05,train
RSDD_01792,RSDD,scene_05,train
RSDD_01793,RSDD,scene_05,train
RSDD_01794,RSDD,scene_05,train
RSDD_01795,RSDD,scene_05,train
RSDD_01796,RSDD,scene_05,train
RSDD_01797,RSDD,scene_05,train
RSDD_01798,RSDD,scene_05,train
RSDD_01799,RSDD,scene_05,train
RSDD_01800,RSDD,scene_05,train
RSDD_01801,RSDD,scene_05,train
RSDD_01802,RSDD,scene_05,train
RSDD_01803,RSDD,scene_05,train
RSDD_01804,RSDD,scene_05,train
RSDD_01805,RSDD,scene_05,train
RSDD_01806,RSDD,scene_05,train
RSDD_01807,RSDD,scene_05,train
RSDD_01808,RSDD,scene_05,train
RSDD_01809,RSDD,scene_05,train
RSDD_01810,RSDD,scene_05,train
RSDD_01811,RSDD,scene_05,train
RSDD_01812,RSDD,scene_05,train
RSDD_01813,RSDD,scene_05,train
RSDD_01814,RSDD,scene_05,train
RSDD_01815,RSDD,scene_05,train
RSDD_01816,RSDD,scene_05,train
RSDD_01817,RSDD,scene_05,train
RSDD_01818,RSDD,scene_05,train
RSDD_01819,RSDD,scene_05,train
RSDD_01820,RSDD,scene_05,train
RSDD_01821,RSDD,scene_05,train
RSDD_01822,RSDD,scene_05,train
RSDD_01823,RSDD,scene_05,train
RSDD_01824,RSDD,scene_05,train
RSDD_01825,RSDD,scene_05,train
RSDD_01826,RSDD,scene_05,train
RSDD_01827,RSDD,scene_05,train
RSDD_01828,RSDD,scene_05,train
RSDD_01829,RSDD,scene_05,train
RSDD_01830,RSDD,scene_05,train
RSDD_01831,RSDD,scene_05,train
RSDD_01832,RSDD,scene_05,train
RSDD_01833,RSDD,scene_05,train
RSDD_01834,RSDD,scene_05,train
RSDD_01835,RSDD,scene_05,train
RSDD_01836,RSDD,scene_05,train
RSDD_01837,RSDD,scene_05,train
RSDD_01838,RSDD,scene_05,train
RSDD_01839,RSDD,scene_05,train
RSDD_01840,RSDD,scene_05,train
RSDD_01841,RSDD,scene_05,train
RSDD_01842,RSDD,scene_05,train
RSDD_01843,RSDD,scene_05,train
RSDD_01844,RSDD,scene_05,train
RSDD_01845,RSDD,scene_05,train
RSDD_01846,RSDD,scene_05,train
RSDD_01847,RSDD,scene_05,train
RSDD_01848,RSDD,scene_05,train
RSDD_01849,RSDD,scene_05,train
RSDD_01850,RSDD,scene_05,train
RSDD_01851,RSDD,scene_05,train
RSDD_01852,RSDD,scene_05,train
RSDD_01853,RSDD,scene_05,train
RSDD_01854,RSDD,scene_05,train
RSDD_01855,RSDD,scene_05,train
RSDD_01856,RSDD,scene_05,train
RSDD_01857,RSDD,scene_05,train
RSDD_01858,RSDD,scene_05,train
RSDD_01859,RSDD,scene_05,train
RSDD_01860,RSDD,scene_05,train
RSDD_01861,RSDD,scene_05,train
RSDD_01862,RSDD,scene_05,train
RSDD_01863,RSDD,scene_05,train
RSDD_01864,RSDD,scene_05,train
RSDD_01865,RSDD,scene_05,train
RSDD_01866,RSDD,scene_05,train
RSDD_01867,RSDD,scene_05,train
RSDD_01868,RSDD,scene_05,train
RSDD_01869,RSDD,scene_05,train
RSDD_01870,RSDD,scene_05,train
RSDD_01871,RSDD,scene_05,train
RSDD_01872,RSDD,scene_05,train
RSDD_01873,RSDD,scene_05,train
RSDD_01874,RSDD,scene_05,train
RSDD_01875,RSDD,scene_05,train
RSDD_01876,RSDD,scene_05,train
RSDD_01877,RSDD,scene_05,train
RSDD_01878,RSDD,scene_05,train
RSDD_01879,RSDD,scene_05,train
RSDD_01880,RSDD,scene_05,train
RSDD_01881,RSDD,scene_05,train
RSDD_01882,RSDD,scene_05,train
RSDD_01883,RSDD,scene_05,train
RSDD_01884,RSDD,scene_05,train
RSDD_01885,RSDD,scene_05,train
RSDD_01886,RSDD,scene_05,train
RSDD_01887,RSDD,scene_05,train
RSDD_01888,RSDD,scene_05,train
RSDD_01889,RSDD,scene_05,train
RSDD_01890,RSDD,scene_05,train
RSDD_01891,RSDD,scene_05,train
RSDD_01892,RSDD,scene_05,train
RSDD_01893,RSDD,scene_05,train
RSDD_01894,RSDD,scene_05,train
RSDD_01895,RSDD,scene_05,train
RSDD_01896,RSDD,scene_05,train
RSDD_01897,RSDD,scene_05,train
RSDD_01898,RSDD,scene_05,train
RSDD_01899,RSDD,scene_05,train
RSDD_01900,RSDD,scene_05,train
RSDD_01901,RSDD,scene_05,train
RSDD_01902,RSDD,scene_05,train
RSDD_01903,RSDD,scene_05,train
RSDD_01904,RSDD,scene_05,train
RSDD_01905,RSDD,scene_05,train
RSDD_01906,RSDD,scene_05,train
RSDD_01907,RSDD,scene_05,train
RSDD_01908,RSDD,scene_05,train
RSDD_01909,RSDD,scene_05,train
RSDD_01910,RSDD,scene_05,train
RSDD_01911,RSDD,scene_05,train
RSDD_01912,RSDD,scene_05,train
RSDD_01913,RSDD,scene_05,train
RSDD_01914,RSDD,scene_05,train
RSDD_01915,RSDD,scene_05,train
RSDD_01916,RSDD,scene_05,train
RSDD_01917,RSDD,scene_05,train
RSDD_01918,RSDD,scene_05,train
RSDD_01919,RSDD,scene_05,train
RSDD_01920,RSDD,scene_05,train
RSDD_01921,RSDD,scene_05,train
RSDD_01922,RSDD,scene_05,train
RSDD_01923,RSDD,scene_05,train
RSDD_01924,RSDD,scene_05,train
RSDD_01925,RSDD,scene_05,train
RSDD_01926,RSDD,scene_05,train
RSDD_01927,RSDD,scene_05,train
RSDD_01928,RSDD,scene_05,train
RSDD_01929,RSDD,scene_05,train
RSDD_01930,RSDD,scene_05,train
RSDD_01931,RSDD,scene_05,train
RSDD_01932,RSDD,scene_05,train
RSDD_01933,RSDD,scene_05,train
RSDD_01934,RSDD,scene_05,train
RSDD_01935,RSDD,scene_05,train
RSDD_01936,RSDD,scene_05,train
RSDD_01937,RSDD,scene_05,train
RSDD_01938,RSDD,scene_05,train
RSDD_01939,RSDD,scene_05,train
RSDD_01940,RSDD,scene_05,train
RSDD_01941,RSDD,scene_05,train
RSDD_01942,RSDD,scene_05,train
RSDD_01943,RSDD,scene_05,train
RSDD_01944,RSDD,scene_05,train
RSDD_01945,RSDD,scene_05,train
RSDD_01946,RSDD,scene_05,train
RSDD_01947,RSDD,scene_05,train
RSDD_01948,RSDD,scene_05,train
RSDD_01949,RSDD,scene_05,train
RSDD_01950,RSDD,scene_05,train
RSDD_01951,RSDD,scene_05,train
RSDD_01952,RSDD,scene_05,train
RSDD_01953,RSDD,scene_05,train
RSDD_01954,RSDD,scene_05,train
RSDD_01955,RSDD,scene_05,train
RSDD_01956,RSDD,scene_05,train
RSDD_01957,RSDD,scene_05,train
RSDD_01958,RSDD,scene_05,train
RSDD_01959,RSDD,scene_05,train
RSDD_01960,RSDD,scene_05,train
RSDD_01961,RSDD,scene_05,train
RSDD_01962,RSDD,scene_05,train
RSDD_01963,RSDD,scene_05,train
RSDD_01964,RSDD,scene_05,train
RSDD_01965,RSDD,scene_05,train
RSDD_01966,RSDD,scene_05,train
RSDD_01967,RSDD,scene_05,train
RSDD_01968,RSDD,scene_05,train
RSDD_01969,RSDD,scene_05,train
RSDD_01970,RSDD,scene_05,train
RSDD_01971,RSDD,scene_05,train
RSDD_01972,RSDD,scene_05,train
RSDD_01973,RSDD,scene_05,train
RSDD_01974,RSDD,scene_05,train
RSDD_01975,RSDD,scene_05,train
RSDD_01976,RSDD,scene_05,train
RSDD_01977,RSDD,scene_05,train
RSDD_01978,RSDD,scene_05,train
RSDD_01979,RSDD,scene_05,train
RSDD_01980,RSDD,scene_05,train
RSDD_01981,RSDD,scene_05,train
RSDD_01982,RSDD,scene_05,train
RSDD_01983,RSDD,scene_05,train
RSDD_01984,RSDD,scene_05,train
RSDD_01985,RSDD,scene_05,train
RSDD_01986,RSDD,scene_05,train
RSDD_01987,RSDD,scene_05,train
RSDD_01988,RSDD,scene_05,train
RSDD_01989,RSDD,scene_05,train
RSDD_01990,RSDD,scene_05,train
RSDD_01991,RSDD,scene_05,train
RSDD_01992,RSDD,scene_05,train
RSDD_01993,RSDD,scene_05,train
RSDD_01994,RSDD,scene_05,train
RSDD_01995,RSDD,scene_05,train
RSDD_01996,RSDD,scene_05,train
RSDD_01997,RSDD,scene_05,train
RSDD_01998,RSDD,scene_05,train
RSDD_01999,RSDD,scene_05,train
RSDD_02000,RSDD,scene_05,train
RSDD_02001,RSDD,scene_06,train
RSDD_02002,RSDD,scene_06,train
RSDD_02003,RSDD,scene_06,train
RSDD_02004,RSDD,scene_06,train
RSDD_02005,RSDD,scene_06,train
RSDD_02006,RSDD,scene_06,train
RSDD_02007,RSDD,scene_06,train
RSDD_02008,RSDD,scene_06,train
RSDD_02009,RSDD,scene_06,train
RSDD_02010,RSDD,scene_06,train
RSDD_02011,RSDD,scene_06,train
RSDD_02012,RSDD,scene_06,train
RSDD_02013,RSDD,scene_06,train
RSDD_02014,RSDD,scene_06,train
RSDD_02015,RSDD,scene_06,train
RSDD_02016,RSDD,scene_06,train
RSDD_02017,RSDD,scene_06,train
RSDD_02018,RSDD,scene_06,train
RSDD_02019,RSDD,scene_06,train
RSDD_02020,RSDD,scene_06,train
RSDD_02021,RSDD,scene_06,train
RSDD_02022,RSDD,scene_06,train
RSDD_02023,RSDD,scene_06,train
RSDD_02024,RSDD,scene_06,train
RSDD_02025,RSDD,scene_06,train
RSDD_02026,RSDD,scene_06,train
RSDD_02027,RSDD,scene_06,train
RSDD_02028,RSDD,scene_06,train
RSDD_02029,RSDD,scene_06,train
RSDD_02030,RSDD,scene_06,train
RSDD_02031,RSDD,scene_06,train
RSDD_02032,RSDD,scene_06,train
RSDD_02033,RSDD,scene_06,train
RSDD_02034,RSDD,scene_06,train
RSDD_02035,RSDD,scene_06,train
RSDD_02036,RSDD,scene_06,train
RSDD_02037,RSDD,scene_06,train
RSDD_02038,RSDD,scene_06,train
RSDD_02039,RSDD,scene_06,train
RSDD_02040,RSDD,scene_06,train
RSDD_02041,RSDD,scene_06,train
RSDD_02042,RSDD,scene_06,train
RSDD_02043,RSDD,scene_06,train
RSDD_02044,RSDD,scene_06,train
RSDD_02045,RSDD,scene_06,train
RSDD_02046,RSDD,scene_06,train
RSDD_02047,RSDD,scene_06,train
RSDD_02048,RSDD,scene_06,train
RSDD_02049,RSDD,scene_06,train
RSDD_02050,RSDD,scene_06,train
RSDD_02051,RSDD,scene_06,train
RSDD_02052,RSDD,scene_06,train
RSDD_02053,RSDD,scene_06,train
RSDD_02054,RSDD,scene_06,train
RSDD_02055,RSDD,scene_06,train
RSDD_02056,RSDD,scene_06,train
RSDD_02057,RSDD,scene_06,train
RSDD_02058,RSDD,scene_06,train
RSDD_02059,RSDD,scene_06,train
RSDD_02060,RSDD,scene_06,train
RSDD_02061,RSDD,scene_06,train
RSDD_02062,RSDD,scene_06,train
RSDD_02063,RSDD,scene_06,train
RSDD_02064,RSDD,scene_06,train
RSDD_02065,RSDD,scene_06,train
RSDD_02066,RSDD,scene_06,train
RSDD_02067,RSDD,scene_06,train
RSDD_02068,RSDD,scene_06,train
RSDD_02069,RSDD,scene_06,train
RSDD_02070,RSDD,scene_06,train
RSDD_02071,RSDD,scene_06,train
RSDD_02072,RSDD,scene_06,train
RSDD_02073,RSDD,scene_06,train
RSDD_02074,RSDD,scene_06,train
RSDD_02075,RSDD,scene_06,train
RSDD_02076,RSDD,scene_06,train
RSDD_02077,RSDD,scene_06,train
RSDD_02078,RSDD,scene_06,train
RSDD_02079,RSDD,scene_06,train
RSDD_02080,RSDD,scene_06,train
RSDD_02081,RSDD,scene_06,train
RSDD_02082,RSDD,scene_06,train
RSDD_02083,RSDD,scene_06,train
RSDD_02084,RSDD,scene_06,train
RSDD_02085,RSDD,scene_06,train
RSDD_02086,RSDD,scene_06,train
RSDD_02087,RSDD,scene_06,train
RSDD_02088,RSDD,scene_06,train
RSDD_02089,RSDD,scene_06,train
RSDD_02090,RSDD,scene_06,train
RSDD_02091,RSDD,scene_06,train
RSDD_02092,RSDD,scene_06,train
RSDD_02093,RSDD,scene_06,train
RSDD_02094,RSDD,scene_06,train
RSDD_02095,RSDD,scene_06,train
RSDD_02096,RSDD,scene_06,train
RSDD_02097,RSDD,scene_06,train
RSDD_02098,RSDD,scene_06,train
RSDD_02099,RSDD,scene_06,train
RSDD_02100,RSDD,scene_06,train
RSDD_02101,RSDD,scene_06,train
RSDD_02102,RSDD,scene_06,train
RSDD_02103,RSDD,scene_06,train
RSDD_02104,RSDD,scene_06,train
RSDD_02105,RSDD,scene_06,train
RSDD_02106,RSDD,scene_06,train
RSDD_02107,RSDD,scene_06,train
RSDD_02108,RSDD,scene_06,train
RSDD_02109,RSDD,scene_06,train
RSDD_02110,RSDD,scene_06,train
RSDD_02111,RSDD,scene_06,train
RSDD_02112,RSDD,scene_06,train
RSDD_02113,RSDD,scene_06,train
RSDD_02114,RSDD,scene_06,train
RSDD_02115,RSDD,scene_06,train
RSDD_02116,RSDD,scene_06,train
RSDD_02117,RSDD,scene_06,train
RSDD_02118,RSDD,scene_06,train
RSDD_02119,RSDD,scene_06,train
RSDD_02120,RSDD,scene_06,train
RSDD_02121,RSDD,scene_06,train
RSDD_02122,RSDD,scene_06,train
RSDD_02123,RSDD,scene_06,train
RSDD_02124,RSDD,scene_06,train
RSDD_02125,RSDD,scene_06,train
RSDD_02126,RSDD,scene_06,train
RSDD_02127,RSDD,scene_06,train
RSDD_02128,RSDD,scene_06,train
RSDD_02129,RSDD,scene_06,train
RSDD_02130,RSDD,scene_06,train
RSDD_02131,RSDD,scene_06,train
RSDD_02132,RSDD,scene_06,train
RSDD_02133,RSDD,scene_06,train
RSDD_02134,RSDD,scene_06,train
RSDD_02135,RSDD,scene_06,train
RSDD_02136,RSDD,scene_06,train
RSDD_02137,RSDD,scene_06,train
RSDD_02138,RSDD,scene_06,train
RSDD_02139,RSDD,scene_06,train
RSDD_02140,RSDD,scene_06,train
RSDD_02141,RSDD,scene_06,train
RSDD_02142,RSDD,scene_06,train
RSDD_02143,RSDD,scene_06,train
RSDD_02144,RSDD,scene_06,train
RSDD_02145,RSDD,scene_06,train
RSDD_02146,RSDD,scene_06,train
RSDD_02147,RSDD,scene_06,train
RSDD_02148,RSDD,scene_06,train
RSDD_02149,RSDD,scene_06,train
RSDD_02150,RSDD,scene_06,train
RSDD_02151,RSDD,scene_06,train
RSDD_02152,RSDD,scene_06,train
RSDD_02153,RSDD,scene_06,train
RSDD_02154,RSDD,scene_06,train
RSDD_02155,RSDD,scene_06,train
RSDD_02156,RSDD,scene_06,train
RSDD_02157,RSDD,scene_06,train
RSDD_02158,RSDD,scene_06,train
RSDD_02159,RSDD,scene_06,train
RSDD_02160,RSDD,scene_06,train
RSDD_02161,RSDD,scene_06,train
RSDD_02162,RSDD,scene_06,train
RSDD_02163,RSDD,scene_06,train
RSDD_02164,RSDD,scene_06,train
RSDD_02165,RSDD,scene_06,train
RSDD_02166,RSDD,scene_06,train
RSDD_02167,RSDD,scene_06,train
RSDD_02168,RSDD,scene_06,train
RSDD_02169,RSDD,scene_06,train
RSDD_02170,RSDD,scene_06,train
RSDD_02171,RSDD,scene_06,train
RSDD_02172,RSDD,scene_06,train
RSDD_02173,RSDD,scene_06,train
RSDD_02174,RSDD,scene_06,train
RSDD_02175,RSDD,scene_06,train
RSDD_02176,RSDD,scene_06,train
RSDD_02177,RSDD,scene_06,train
RSDD_02178,RSDD,scene_06,train
RSDD_02179,RSDD,scene_06,train
RSDD_02180,RSDD,scene_06,train
RSDD_02181,RSDD,scene_06,train
RSDD_02182,RSDD,scene_06,train
RSDD_02183,RSDD,scene_06,train
RSDD_02184,RSDD,scene_06,train
RSDD_02185,RSDD,scene_06,train
RSDD_02186,RSDD,scene_06,train
RSDD_02187,RSDD,scene_06,train
RSDD_02188,RSDD,scene_06,train
RSDD_02189,RSDD,scene_06,train
RSDD_02190,RSDD,scene_06,train
RSDD_02191,RSDD,scene_06,train
RSDD_02192,RSDD,scene_06,train
RSDD_02193,RSDD,scene_06,train
RSDD_02194,RSDD,scene_06,train
RSDD_02195,RSDD,scene_06,train
RSDD_02196,RSDD,scene_06,train
RSDD_02197,RSDD,scene_06,train
RSDD_02198,RSDD,scene_06,train
RSDD_02199,RSDD,scene_06,train
RSDD_02200,RSDD,scene_06,train
RSDD_02201,RSDD,scene_06,train
RSDD_02202,RSDD,scene_06,train
RSDD_02203,RSDD,scene_06,train
RSDD_02204,RSDD,scene_06,train
RSDD_02205,RSDD,scene_06,train
RSDD_02206,RSDD,scene_06,train
RSDD_02207,RSDD,scene_06,train
RSDD_02208,RSDD,scene_06,train
RSDD_02209,RSDD,scene_06,train
RSDD_02210,RSDD,scene_06,train
RSDD_02211,RSDD,scene_06,train
RSDD_02212,RSDD,scene_06,train
RSDD_02213,RSDD,scene_06,train
RSDD_02214,RSDD,scene_06,train
RSDD_02215,RSDD,scene_06,train
RSDD_02216,RSDD,scene_06,train
RSDD_02217,RSDD,scene_06,train
RSDD_02218,RSDD,scene_06,train
RSDD_02219,RSDD,scene_06,train
RSDD_02220,RSDD,scene_06,train
RSDD_02221,RSDD,scene_06,train
RSDD_02222,RSDD,scene_06,train
RSDD_02223,RSDD,scene_06,train
RSDD_02224,RSDD,scene_06,train
RSDD_02225,RSDD,scene_06,train
RSDD_02226,RSDD,scene_06,train
RSDD_02227,RSDD,scene_06,train
RSDD_02228,RSDD,scene_06,train
RSDD_02229,RSDD,scene_06,train
RSDD_02230,RSDD,scene_06,train
RSDD_02231,RSDD,scene_06,train
RSDD_02232,RSDD,scene_06,train
RSDD_02233,RSDD,scene_06,train
RSDD_02234,RSDD,scene_06,train
RSDD_02235,RSDD,scene_06,train
RSDD_02236,RSDD,scene_06,train
RSDD_02237,RSDD,scene_06,train
RSDD_02238,RSDD,scene_06,train
RSDD_02239,RSDD,scene_06,train
RSDD_02240,RSDD,scene_06,train
RSDD_02241,RSDD,scene_06,train
RSDD_02242,RSDD,scene_06,train
RSDD_02243,RSDD,scene_06,train
RSDD_02244,RSDD,scene_06,train
RSDD_02245,RSDD,scene_06,train
RSDD_02246,RSDD,scene_06,train
RSDD_02247,RSDD,scene_06,train
RSDD_02248,RSDD,scene_06,train
RSDD_02249,RSDD,scene_06,train
RSDD_02250,RSDD,scene_06,train
RSDD_02251,RSDD,scene_06,train
RSDD_02252,RSDD,scene_06,train
RSDD_02253,RSDD,scene_06,train
RSDD_02254,RSDD,scene_06,train
RSDD_02255,RSDD,scene_06,train
RSDD_02256,RSDD,scene_06,train
RSDD_02257,RSDD,scene_06,train
RSDD_02258,RSDD,scene_06,train
RSDD_02259,RSDD,scene_06,train
RSDD_02260,RSDD,scene_06,train
RSDD_02261,RSDD,scene_06,train
RSDD_02262,RSDD,scene_06,train
RSDD_02263,RSDD,scene_06,train
RSDD_02264,RSDD,scene_06,train
RSDD_02265,RSDD,scene_06,train
RSDD_02266,RSDD,scene_06,train
RSDD_02267,RSDD,scene_06,train
RSDD_02268,RSDD,scene_06,train
RSDD_02269,RSDD,scene_06,train
RSDD_02270,RSDD,scene_06,train
RSDD_02271,RSDD,scene_06,train
RSDD_02272,RSDD,scene_06,train
RSDD_02273,RSDD,scene_06,train
RSDD_02274,RSDD,scene_06,train
RSDD_02275,RSDD,scene_06,train
RSDD_02276,RSDD,scene_06,train
RSDD_02277,RSDD,scene_06,train
RSDD_02278,RSDD,scene_06,train
RSDD_02279,RSDD,scene_06,train
RSDD_02280,RSDD,scene_06,train
RSDD_02281,RSDD,scene_06,train
RSDD_02282,RSDD,scene_06,train
RSDD_02283,RSDD,scene_06,train
RSDD_02284,RSDD,scene_06,train
RSDD_02285,RSDD,scene_06,train
RSDD_02286,RSDD,scene_06,train
RSDD_02287,RSDD,scene_06,train
RSDD_02288,RSDD,scene_06,train
RSDD_02289,RSDD,scene_06,train
RSDD_02290,RSDD,scene_06,train
RSDD_02291,RSDD,scene_06,train
RSDD_02292,RSDD,scene_06,train
RSDD_02293,RSDD,scene_06,train
RSDD_02294,RSDD,scene_06,train
RSDD_02295,RSDD,scene_06,train
RSDD_02296,RSDD,scene_06,train
RSDD_02297,RSDD,scene_06,train
RSDD_02298,RSDD,scene_06,train
RSDD_02299,RSDD,scene_06,train
RSDD_02300,RSDD,scene_06,train
RSDD_02301,RSDD,scene_06,train
RSDD_02302,RSDD,scene_06,train
RSDD_02303,RSDD,scene_06,train
RSDD_02304,RSDD,scene_06,train
RSDD_02305,RSDD,scene_06,train
RSDD_02306,RSDD,scene_06,train
RSDD_02307,RSDD,scene_06,train
RSDD_02308,RSDD,scene_06,train
RSDD_02309,RSDD,scene_06,train
RSDD_02310,RSDD,scene_06,train
RSDD_02311,RSDD,scene_06,train
RSDD_02312,RSDD,scene_06,train
RSDD_02313,RSDD,scene_06,train
RSDD_02314,RSDD,scene_06,train
RSDD_02315,RSDD,scene_06,train
RSDD_02316,RSDD,scene_06,train
RSDD_02317,RSDD,scene_06,train
RSDD_02318,RSDD,scene_06,train
RSDD_02319,RSDD,scene_06,train
RSDD_02320,RSDD,scene_06,train
RSDD_02321,RSDD,scene_06,train
RSDD_02322,RSDD,scene_06,train
RSDD_02323,RSDD,scene_06,train
RSDD_02324,RSDD,scene_06,train
RSDD_02325,RSDD,scene_06,train
RSDD_02326,RSDD,scene_06,train
RSDD_02327,RSDD,scene_06,train
RSDD_02328,RSDD,scene_06,train
RSDD_02329,RSDD,scene_06,train
RSDD_02330,RSDD,scene_06,train
RSDD_02331,RSDD,scene_06,train
RSDD_02332,RSDD,scene_06,train
RSDD_02333,RSDD,scene_06,train
RSDD_02334,RSDD,scene_06,train
RSDD_02335,RSDD,scene_06,train
RSDD_02336,RSDD,scene_06,train
RSDD_02337,RSDD,scene_06,train
RSDD_02338,RSDD,scene_06,train
RSDD_02339,RSDD,scene_06,train
RSDD_02340,RSDD,scene_06,train
RSDD_02341,RSDD,scene_06,train
RSDD_02342,RSDD,scene_06,train
RSDD_02343,RSDD,scene_06,train
RSDD_02344,RSDD,scene_06,train
RSDD_02345,RSDD,scene_06,train
RSDD_02346,RSDD,scene_06,train
RSDD_02347,RSDD,scene_06,train
RSDD_02348,RSDD,scene_06,train
RSDD_02349,RSDD,scene_06,train
RSDD_02350,RSDD,scene_06,train
RSDD_02351,RSDD,scene_06,train
RSDD_02352,RSDD,scene_06,train
RSDD_02353,RSDD,scene_06,train
RSDD_02354,RSDD,scene_06,train
RSDD_02355,RSDD,scene_06,train
RSDD_02356,RSDD,scene_06,train
RSDD_02357,RSDD,scene_06,train
RSDD_02358,RSDD,scene_06,train
RSDD_02359,RSDD,scene_06,train
RSDD_02360,RSDD,scene_06,train
RSDD_02361,RSDD,scene_06,train
RSDD_02362,RSDD,scene_06,train
RSDD_02363,RSDD,scene_06,train
RSDD_02364,RSDD,scene_06,train
RSDD_02365,RSDD,scene_06,train
RSDD_02366,RSDD,scene_06,train
RSDD_02367,RSDD,scene_06,train
RSDD_02368,RSDD,scene_06,train
RSDD_02369,RSDD,scene_06,train
RSDD_02370,RSDD,scene_06,train
RSDD_02371,RSDD,scene_06,train
RSDD_02372,RSDD,scene_06,train
RSDD_02373,RSDD,scene_06,train
RSDD_02374,RSDD,scene_06,train
RSDD_02375,RSDD,scene_06,train
RSDD_02376,RSDD,scene_06,train
RSDD_02377,RSDD,scene_06,train
RSDD_02378,RSDD,scene_06,train
RSDD_02379,RSDD,scene_06,train
RSDD_02380,RSDD,scene_06,train
RSDD_02381,RSDD,scene_06,train
RSDD_02382,RSDD,scene_06,train
RSDD_02383,RSDD,scene_06,train
RSDD_02384,RSDD,scene_06,train
RSDD_02385,RSDD,scene_06,train
RSDD_02386,RSDD,scene_06,train
RSDD_02387,RSDD,scene_06,train
RSDD_02388,RSDD,scene_06,train
RSDD_02389,RSDD,scene_06,train
RSDD_02390,RSDD,scene_06,train
RSDD_02391,RSDD,scene_06,train
RSDD_02392,RSDD,scene_06,train
RSDD_02393,RSDD,scene_06,train
RSDD_02394,RSDD,scene_06,train
RSDD_02395,RSDD,scene_06,train
RSDD_02396,RSDD,scene_06,train
RSDD_02397,RSDD,scene_06,train
RSDD_02398,RSDD,scene_06,train
RSDD_02399,RSDD,scene_06,train
RSDD_02400,RSDD,scene_06,train
RSDD_02401,RSDD,scene_07,train
RSDD_02402,RSDD,scene_07,train
RSDD_02403,RSDD,scene_07,train
RSDD_02404,RSDD,scene_07,train
RSDD_02405,RSDD,scene_07,train
RSDD_02406,RSDD,scene_07,train
RSDD_02407,RSDD,scene_07,train
RSDD_02408,RSDD,scene_07,train
RSDD_02409,RSDD,scene_07,train
RSDD_02410,RSDD,scene_07,train
RSDD_02411,RSDD,scene_07,train
RSDD_02412,RSDD,scene_07,train
RSDD_02413,RSDD,scene_07,train
RSDD_02414,RSDD,scene_07,train
RSDD_02415,RSDD,scene_07,train
RSDD_02416,RSDD,scene_07,train
RSDD_02417,RSDD,scene_07,train
RSDD_02418,RSDD,scene_07,train
RSDD_02419,RSDD,scene_07,train
RSDD_02420,RSDD,scene_07,train
RSDD_02421,RSDD,scene_07,train
RSDD_02422,RSDD,scene_07,train
RSDD_02423,RSDD,scene_07,train
RSDD_02424,RSDD,scene_07,train
RSDD_02425,RSDD,scene_07,train
RSDD_02426,RSDD,scene_07,train
RSDD_02427,RSDD,scene_07,train
RSDD_02428,RSDD,scene_07,train
RSDD_02429,RSDD,scene_07,train
RSDD_02430,RSDD,scene_07,train
RSDD_02431,RSDD,scene_07,train
RSDD_02432,RSDD,scene_07,train
RSDD_02433,RSDD,scene_07,train
RSDD_02434,RSDD,scene_07,train
RSDD_02435,RSDD,scene_07,train
RSDD_02436,RSDD,scene_07,train
RSDD_02437,RSDD,scene_07,train
RSDD_02438,RSDD,scene_07,train
RSDD_02439,RSDD,scene_07,train
RSDD_02440,RSDD,scene_07,train
RSDD_02441,RSDD,scene_07,train
RSDD_02442,RSDD,scene_07,train
RSDD_02443,RSDD,scene_07,train
RSDD_02444,RSDD,scene_07,train
RSDD_02445,RSDD,scene_07,train
RSDD_02446,RSDD,scene_07,train
RSDD_02447,RSDD,scene_07,train
RSDD_02448,RSDD,scene_07,train
RSDD_02449,RSDD,scene_07,train
RSDD_02450,RSDD,scene_07,train
RSDD_02451,RSDD,scene_07,train
RSDD_02452,RSDD,scene_07,train
RSDD_02453,RSDD,scene_07,train
RSDD_02454,RSDD,scene_07,train
RSDD_02455,RSDD,scene_07,train
RSDD_02456,RSDD,scene_07,train
RSDD_02457,RSDD,scene_07,train
RSDD_02458,RSDD,scene_07,train
RSDD_02459,RSDD,scene_07,train
RSDD_02460,RSDD,scene_07,train
RSDD_02461,RSDD,scene_07,train
RSDD_02462,RSDD,scene_07,train
RSDD_02463,RSDD,scene_07,train
RSDD_02464,RSDD,scene_07,train
RSDD_02465,RSDD,scene_07,train
RSDD_02466,RSDD,scene_07,train
RSDD_02467,RSDD,scene_07,train
RSDD_02468,RSDD,scene_07,train
RSDD_02469,RSDD,scene_07,train
RSDD_02470,RSDD,scene_07,train
RSDD_02471,RSDD,scene_07,train
RSDD_02472,RSDD,scene_07,train
RSDD_02473,RSDD,scene_07,train
RSDD_02474,RSDD,scene_07,train
RSDD_02475,RSDD,scene_07,train
RSDD_02476,RSDD,scene_07,train
RSDD_02477,RSDD,scene_07,train
RSDD_02478,RSDD,scene_07,train
RSDD_02479,RSDD,scene_07,train
RSDD_02480,RSDD,scene_07,train
RSDD_02481,RSDD,scene_07,train
RSDD_02482,RSDD,scene_07,train
RSDD_02483,RSDD,scene_07,train
RSDD_02484,RSDD,scene_07,train
RSDD_02485,RSDD,scene_07,train
RSDD_02486,RSDD,scene_07,train
RSDD_02487,RSDD,scene_07,train
RSDD_02488,RSDD,scene_07,train
RSDD_02489,RSDD,scene_07,train
RSDD_02490,RSDD,scene_07,train
RSDD_02491,RSDD,scene_07,train
RSDD_02492,RSDD,scene_07,train
RSDD_02493,RSDD,scene_07,train
RSDD_02494,RSDD,scene_07,train
RSDD_02495,RSDD,scene_07,train
RSDD_02496,RSDD,scene_07,train
RSDD_02497,RSDD,scene_07,train
RSDD_02498,RSDD,scene_07,train
RSDD_02499,RSDD,scene_07,train
RSDD_02500,RSDD,scene_07,train
RSDD_02501,RSDD,scene_07,train
RSDD_02502,RSDD,scene_07,train
RSDD_02503,RSDD,scene_07,train
RSDD_02504,RSDD,scene_07,train
RSDD_02505,RSDD,scene_07,train
RSDD_02506,RSDD,scene_07,train
RSDD_02507,RSDD,scene_07,train
RSDD_02508,RSDD,scene_07,train
RSDD_02509,RSDD,scene_07,train
RSDD_02510,RSDD,scene_07,train
RSDD_02511,RSDD,scene_07,train
RSDD_02512,RSDD,scene_07,train
RSDD_02513,RSDD,scene_07,train
RSDD_02514,RSDD,scene_07,train
RSDD_02515,RSDD,scene_07,train
RSDD_02516,RSDD,scene_07,train
RSDD_02517,RSDD,scene_07,train
RSDD_02518,RSDD,scene_07,train
RSDD_02519,RSDD,scene_07,train
RSDD_02520,RSDD,scene_07,train
RSDD_02521,RSDD,scene_07,train
RSDD_02522,RSDD,scene_07,train
RSDD_02523,RSDD,scene_07,train
RSDD_02524,RSDD,scene_07,train
RSDD_02525,RSDD,scene_07,train
RSDD_02526,RSDD,scene_07,train
RSDD_02527,RSDD,scene_07,train
RSDD_02528,RSDD,scene_07,train
RSDD_02529,RSDD,scene_07,train
RSDD_02530,RSDD,scene_07,train
RSDD_02531,RSDD,scene_07,train
RSDD_02532,RSDD,scene_07,train
RSDD_02533,RSDD,scene_07,train
RSDD_02534,RSDD,scene_07,train
RSDD_02535,RSDD,scene_07,train
RSDD_02536,RSDD,scene_07,train
RSDD_02537,RSDD,scene_07,train
RSDD_02538,RSDD,scene_07,train
RSDD_02539,RSDD,scene_07,train
RSDD_02540,RSDD,scene_07,train
RSDD_02541,RSDD,scene_07,train
RSDD_02542,RSDD,scene_07,train
RSDD_02543,RSDD,scene_07,train
RSDD_02544,RSDD,scene_07,train
RSDD_02545,RSDD,scene_07,train
RSDD_02546,RSDD,scene_07,train
RSDD_02547,RSDD,scene_07,train
RSDD_02548,RSDD,scene_07,train
RSDD_02549,RSDD,scene_07,train
RSDD_02550,RSDD,scene_07,train
RSDD_02551,RSDD,scene_07,train
RSDD_02552,RSDD,scene_07,train
RSDD_02553,RSDD,scene_07,train
RSDD_02554,RSDD,scene_07,train
RSDD_02555,RSDD,scene_07,train
RSDD_02556,RSDD,scene_07,train
RSDD_02557,RSDD,scene_07,train
RSDD_02558,RSDD,scene_07,train
RSDD_02559,RSDD,scene_07,train
RSDD_02560,RSDD,scene_07,train
RSDD_02561,RSDD,scene_07,train
RSDD_02562,RSDD,scene_07,train
RSDD_02563,RSDD,scene_07,train
RSDD_02564,RSDD,scene_07,train
RSDD_02565,RSDD,scene_07,train
RSDD_02566,RSDD,scene_07,train
RSDD_02567,RSDD,scene_07,train
RSDD_02568,RSDD,scene_07,train
RSDD_02569,RSDD,scene_07,train
RSDD_02570,RSDD,scene_07,train
RSDD_02571,RSDD,scene_07,train
RSDD_02572,RSDD,scene_07,train
RSDD_02573,RSDD,scene_07,train
RSDD_02574,RSDD,scene_07,train
RSDD_02575,RSDD,scene_07,train
RSDD_02576,RSDD,scene_07,train
RSDD_02577,RSDD,scene_07,train
RSDD_02578,RSDD,scene_07,train
RSDD_02579,RSDD,scene_07,train
RSDD_02580,RSDD,scene_07,train
RSDD_02581,RSDD,scene_07,train
RSDD_02582,RSDD,scene_07,train
RSDD_02583,RSDD,scene_07,train
RSDD_02584,RSDD,scene_07,train
RSDD_02585,RSDD,scene_07,train
RSDD_02586,RSDD,scene_07,train
RSDD_02587,RSDD,scene_07,train
RSDD_02588,RSDD,scene_07,train
RSDD_02589,RSDD,scene_07,train
RSDD_02590,RSDD,scene_07,train
RSDD_02591,RSDD,scene_07,train
RSDD_02592,RSDD,scene_07,train
RSDD_02593,RSDD,scene_07,train
RSDD_02594,RSDD,scene_07,train
RSDD_02595,RSDD,scene_07,train
RSDD_02596,RSDD,scene_07,train
RSDD_02597,RSDD,scene_07,train
RSDD_02598,RSDD,scene_07,train
RSDD_02599,RSDD,scene_07,train
RSDD_02600,RSDD,scene_07,train
RSDD_02601,RSDD,scene_07,train
RSDD_02602,RSDD,scene_07,train
RSDD_02603,RSDD,scene_07,train
RSDD_02604,RSDD,scene_07,train
RSDD_02605,RSDD,scene_07,train
RSDD_02606,RSDD,scene_07,train
RSDD_02607,RSDD,scene_07,train
RSDD_02608,RSDD,scene_07,train
RSDD_02609,RSDD,scene_07,train
RSDD_02610,RSDD,scene_07,train
RSDD_02611,RSDD,scene_07,train
RSDD_02612,RSDD,scene_07,train
RSDD_02613,RSDD,scene_07,train
RSDD_02614,RSDD,scene_07,train
RSDD_02615,RSDD,scene_07,train
RSDD_02616,RSDD,scene_07,train
RSDD_02617,RSDD,scene_07,train
RSDD_02618,RSDD,scene_07,train
RSDD_02619,RSDD,scene_07,train
RSDD_02620,RSDD,scene_07,train
RSDD_02621,RSDD,scene_07,train
RSDD_02622,RSDD,scene_07,train
RSDD_02623,RSDD,scene_07,train
RSDD_02624,RSDD,scene_07,train
RSDD_02625,RSDD,scene_07,train
RSDD_02626,RSDD,scene_07,train
RSDD_02627,RSDD,scene_07,train
RSDD_02628,RSDD,scene_07,train
RSDD_02629,RSDD,scene_07,train
RSDD_02630,RSDD,scene_07,train
RSDD_02631,RSDD,scene_07,train
RSDD_02632,RSDD,scene_07,train
RSDD_02633,RSDD,scene_07,train
RSDD_02634,RSDD,scene_07,train
RSDD_02635,RSDD,scene_07,train
RSDD_02636,RSDD,scene_07,train
RSDD_02637,RSDD,scene_07,train
RSDD_02638,RSDD,scene_07,train
RSDD_02639,RSDD,scene_07,train
RSDD_02640,RSDD,scene_07,train
RSDD_02641,RSDD,scene_07,train
RSDD_02642,RSDD,scene_07,train
RSDD_02643,RSDD,scene_07,train
RSDD_02644,RSDD,scene_07,train
RSDD_02645,RSDD,scene_07,train
RSDD_02646,RSDD,scene_07,train
RSDD_02647,RSDD,scene_07,train
RSDD_02648,RSDD,scene_07,train
RSDD_02649,RSDD,scene_07,train
RSDD_02650,RSDD,scene_07,train
RSDD_02651,RSDD,scene_07,train
RSDD_02652,RSDD,scene_07,train
RSDD_02653,RSDD,scene_07,train
RSDD_02654,RSDD,scene_07,train
RSDD_02655,RSDD,scene_07,train
RSDD_02656,RSDD,scene_07,train
RSDD_02657,RSDD,scene_07,train
RSDD_02658,RSDD,scene_07,train
RSDD_02659,RSDD,scene_07,train
RSDD_02660,RSDD,scene_07,train
RSDD_02661,RSDD,scene_07,train
RSDD_02662,RSDD,scene_07,train
RSDD_02663,RSDD,scene_07,train
RSDD_02664,RSDD,scene_07,train
RSDD_02665,RSDD,scene_07,train
RSDD_02666,RSDD,scene_07,train
RSDD_02667,RSDD,scene_07,train
RSDD_02668,RSDD,scene_07,train
RSDD_02669,RSDD,scene_07,train
RSDD_02670,RSDD,scene_07,train
RSDD_02671,RSDD,scene_07,train
RSDD_02672,RSDD,scene_07,train
RSDD_02673,RSDD,scene_07,train
RSDD_02674,RSDD,scene_07,train
RSDD_02675,RSDD,scene_07,train
RSDD_02676,RSDD,scene_07,train
RSDD_02677,RSDD,scene_07,train
RSDD_02678,RSDD,scene_07,train
RSDD_02679,RSDD,scene_07,train
RSDD_02680,RSDD,scene_07,train
RSDD_02681,RSDD,scene_07,train
RSDD_02682,RSDD,scene_07,train
RSDD_02683,RSDD,scene_07,train
RSDD_02684,RSDD,scene_07,train
RSDD_02685,RSDD,scene_07,train
RSDD_02686,RSDD,scene_07,train
RSDD_02687,RSDD,scene_07,train
RSDD_02688,RSDD,scene_07,train
RSDD_02689,RSDD,scene_07,train
RSDD_02690,RSDD,scene_07,train
RSDD_02691,RSDD,scene_07,train
RSDD_02692,RSDD,scene_07,train
RSDD_02693,RSDD,scene_07,train
RSDD_02694,RSDD,scene_07,train
RSDD_02695,RSDD,scene_07,train
RSDD_02696,RSDD,scene_07,train
RSDD_02697,RSDD,scene_07,train
RSDD_02698,RSDD,scene_07,train
RSDD_02699,RSDD,scene_07,train
RSDD_02700,RSDD,scene_07,train
RSDD_02701,RSDD,scene_07,train
RSDD_02702,RSDD,scene_07,train
RSDD_02703,RSDD,scene_07,train
RSDD_02704,RSDD,scene_07,train
RSDD_02705,RSDD,scene_07,train
RSDD_02706,RSDD,scene_07,train
RSDD_02707,RSDD,scene_07,train
RSDD_02708,RSDD,scene_07,train
RSDD_02709,RSDD,scene_07,train
RSDD_02710,RSDD,scene_07,train
RSDD_02711,RSDD,scene_07,train
RSDD_02712,RSDD,scene_07,train
RSDD_02713,RSDD,scene_07,train
RSDD_02714,RSDD,scene_07,train
RSDD_02715,RSDD,scene_07,train
RSDD_02716,RSDD,scene_07,train
RSDD_02717,RSDD,scene_07,train
RSDD_02718,RSDD,scene_07,train
RSDD_02719,RSDD,scene_07,train
RSDD_02720,RSDD,scene_07,train
RSDD_02721,RSDD,scene_07,train
RSDD_02722,RSDD,scene_07,train
RSDD_02723,RSDD,scene_07,train
RSDD_02724,RSDD,scene_07,train
RSDD_02725,RSDD,scene_07,train
RSDD_02726,RSDD,scene_07,train
RSDD_02727,RSDD,scene_07,train
RSDD_02728,RSDD,scene_07,train
RSDD_02729,RSDD,scene_07,train
RSDD_02730,RSDD,scene_07,train
RSDD_02731,RSDD,scene_07,train
RSDD_02732,RSDD,scene_07,train
RSDD_02733,RSDD,scene_07,train
RSDD_02734,RSDD,scene_07,train
RSDD_02735,RSDD,scene_07,train
RSDD_02736,RSDD,scene_07,train
RSDD_02737,RSDD,scene_07,train
RSDD_02738,RSDD,scene_07,train
RSDD_02739,RSDD,scene_07,train
RSDD_02740,RSDD,scene_07,train
RSDD_02741,RSDD,scene_07,train
RSDD_02742,RSDD,scene_07,train
RSDD_02743,RSDD,scene_07,train
RSDD_02744,RSDD,scene_07,train
RSDD_02745,RSDD,scene_07,train
RSDD_02746,RSDD,scene_07,train
RSDD_02747,RSDD,scene_07,train
RSDD_02748,RSDD,scene_07,train
RSDD_02749,RSDD,scene_07,train
RSDD_02750,RSDD,scene_07,train
RSDD_02751,RSDD,scene_07,train
RSDD_02752,RSDD,scene_07,train
RSDD_02753,RSDD,scene_07,train
RSDD_02754,RSDD,scene_07,train
RSDD_02755,RSDD,scene_07,train
RSDD_02756,RSDD,scene_07,train
RSDD_02757,RSDD,scene_07,train
RSDD_02758,RSDD,scene_07,train
RSDD_02759,RSDD,scene_07,train
RSDD_02760,RSDD,scene_07,train
RSDD_02761,RSDD,scene_07,train
RSDD_02762,RSDD,scene_07,train
RSDD_02763,RSDD,scene_07,train
RSDD_02764,RSDD,scene_07,train
RSDD_02765,RSDD,scene_07,train
RSDD_02766,RSDD,scene_07,train
RSDD_02767,RSDD,scene_07,train
RSDD_02768,RSDD,scene_07,train
RSDD_02769,RSDD,scene_07,train
RSDD_02770,RSDD,scene_07,train
RSDD_02771,RSDD,scene_07,train
RSDD_02772,RSDD,scene_07,train
RSDD_02773,RSDD,scene_07,train
RSDD_02774,RSDD,scene_07,train
RSDD_02775,RSDD,scene_07,train
RSDD_02776,RSDD,scene_07,train
RSDD_02777,RSDD,scene_07,train
RSDD_02778,RSDD,scene_07,train
RSDD_02779,RSDD,scene_07,train
RSDD_02780,RSDD,scene_07,train
RSDD_02781,RSDD,scene_07,train
RSDD_02782,RSDD,scene_07,train
RSDD_02783,RSDD,scene_07,train
RSDD_02784,RSDD,scene_07,train
RSDD_02785,RSDD,scene_07,train
RSDD_02786,RSDD,scene_07,train
RSDD_02787,RSDD,scene_07,train
RSDD_02788,RSDD,scene_07,train
RSDD_02789,RSDD,scene_07,train
RSDD_02790,RSDD,scene_07,train
RSDD_02791,RSDD,scene_07,train
RSDD_02792,RSDD,scene_07,train
RSDD_02793,RSDD,scene_07,train
RSDD_02794,RSDD,scene_07,train
RSDD_02795,RSDD,scene_07,train
RSDD_02796,RSDD,scene_07,train
RSDD_02797,RSDD,scene_07,train
RSDD_02798,RSDD,scene_07,train
RSDD_02799,RSDD,scene_07,train
RSDD_02800,RSDD,scene_07,train
RSDD_02801,RSDD,scene_08,train
RSDD_02802,RSDD,scene_08,train
RSDD_02803,RSDD,scene_08,train
RSDD_02804,RSDD,scene_08,train
RSDD_02805,RSDD,scene_08,train
RSDD_02806,RSDD,scene_08,train
RSDD_02807,RSDD,scene_08,train
RSDD_02808,RSDD,scene_08,train
RSDD_02809,RSDD,scene_08,train
RSDD_02810,RSDD,scene_08,train
RSDD_02811,RSDD,scene_08,train
RSDD_02812,RSDD,scene_08,train
RSDD_02813,RSDD,scene_08,train
RSDD_02814,RSDD,scene_08,train
RSDD_02815,RSDD,scene_08,train
RSDD_02816,RSDD,scene_08,train
RSDD_02817,RSDD,scene_08,train
RSDD_02818,RSDD,scene_08,train
RSDD_02819,RSDD,scene_08,train
RSDD_02820,RSDD,scene_08,train
RSDD_02821,RSDD,scene_08,train
RSDD_02822,RSDD,scene_08,train
RSDD_02823,RSDD,scene_08,train
RSDD_02824,RSDD,scene_08,train
RSDD_02825,RSDD,scene_08,train
RSDD_02826,RSDD,scene_08,train
RSDD_02827,RSDD,scene_08,train
RSDD_02828,RSDD,scene_08,train
RSDD_02829,RSDD,scene_08,train
RSDD_02830,RSDD,scene_08,train
RSDD_02831,RSDD,scene_08,train
RSDD_02832,RSDD,scene_08,train
RSDD_02833,RSDD,scene_08,train
RSDD_02834,RSDD,scene_08,train
RSDD_02835,RSDD,scene_08,train
RSDD_02836,RSDD,scene_08,train
RSDD_02837,RSDD,scene_08,train
RSDD_02838,RSDD,scene_08,train
RSDD_02839,RSDD,scene_08,train
RSDD_02840,RSDD,scene_08,train
RSDD_02841,RSDD,scene_08,train
RSDD_02842,RSDD,scene_08,train
RSDD_02843,RSDD,scene_08,train
RSDD_02844,RSDD,scene_08,train
RSDD_02845,RSDD,scene_08,train
RSDD_02846,RSDD,scene_08,train
RSDD_02847,RSDD,scene_08,train
RSDD_02848,RSDD,scene_08,train
RSDD_02849,RSDD,scene_08,train
RSDD_02850,RSDD,scene_08,train
RSDD_02851,RSDD,scene_08,train
RSDD_02852,RSDD,scene_08,train
RSDD_02853,RSDD,scene_08,train
RSDD_02854,RSDD,scene_08,train
RSDD_02855,RSDD,scene_08,train
RSDD_02856,RSDD,scene_08,train
RSDD_02857,RSDD,scene_08,train
RSDD_02858,RSDD,scene_08,train
RSDD_02859,RSDD,scene_08,train
RSDD_02860,RSDD,scene_08,train
RSDD_02861,RSDD,scene_08,train
RSDD_02862,RSDD,scene_08,train
RSDD_02863,RSDD,scene_08,train
RSDD_02864,RSDD,scene_08,train
RSDD_02865,RSDD,scene_08,train
RSDD_02866,RSDD,scene_08,train
RSDD_02867,RSDD,scene_08,train
RSDD_02868,RSDD,scene_08,train
RSDD_02869,RSDD,scene_08,train
RSDD_02870,RSDD,scene_08,train
RSDD_02871,RSDD,scene_08,train
RSDD_02872,RSDD,scene_08,train
RSDD_02873,RSDD,scene_08,train
RSDD_02874,RSDD,scene_08,train
RSDD_02875,RSDD,scene_08,train
RSDD_02876,RSDD,scene_08,train
RSDD_02877,RSDD,scene_08,train
RSDD_02878,RSDD,scene_08,train
RSDD_02879,RSDD,scene_08,train
RSDD_02880,RSDD,scene_08,train
RSDD_02881,RSDD,scene_08,train
RSDD_02882,RSDD,scene_08,train
RSDD_02883,RSDD,scene_08,train
RSDD_02884,RSDD,scene_08,train
RSDD_02885,RSDD,scene_08,train
RSDD_02886,RSDD,scene_08,train
RSDD_02887,RSDD,scene_08,train
RSDD_02888,RSDD,scene_08,train
RSDD_02889,RSDD,scene_08,train
RSDD_02890,RSDD,scene_08,train
RSDD_02891,RSDD,scene_08,train
RSDD_02892,RSDD,scene_08,train
RSDD_02893,RSDD,scene_08,train
RSDD_02894,RSDD,scene_08,train
RSDD_02895,RSDD,scene_08,train
RSDD_02896,RSDD,scene_08,train
RSDD_02897,RSDD,scene_08,train
RSDD_02898,RSDD,scene_08,train
RSDD_02899,RSDD,scene_08,train
RSDD_02900,RSDD,scene_08,train
RSDD_02901,RSDD,scene_08,train
RSDD_02902,RSDD,scene_08,train
RSDD_02903,RSDD,scene_08,train
RSDD_02904,RSDD,scene_08,train
RSDD_02905,RSDD,scene_08,train
RSDD_02906,RSDD,scene_08,train
RSDD_02907,RSDD,scene_08,train
RSDD_02908,RSDD,scene_08,train
RSDD_02909,RSDD,scene_08,train
RSDD_02910,RSDD,scene_08,train
RSDD_02911,RSDD,scene_08,train
RSDD_02912,RSDD,scene_08,train
RSDD_02913,RSDD,scene_08,train
RSDD_02914,RSDD,scene_08,train
RSDD_02915,RSDD,scene_08,train
RSDD_02916,RSDD,scene_08,train
RSDD_02917,RSDD,scene_08,train
RSDD_02918,RSDD,scene_08,train
RSDD_02919,RSDD,scene_08,train
RSDD_02920,RSDD,scene_08,train
RSDD_02921,RSDD,scene_08,train
RSDD_02922,RSDD,scene_08,train
RSDD_02923,RSDD,scene_08,train
RSDD_02924,RSDD,scene_08,train
RSDD_02925,RSDD,scene_08,train
RSDD_02926,RSDD,scene_08,train
RSDD_02927,RSDD,scene_08,train
RSDD_02928,RSDD,scene_08,train
RSDD_02929,RSDD,scene_08,train
RSDD_02930,RSDD,scene_08,train
RSDD_02931,RSDD,scene_08,train
RSDD_02932,RSDD,scene_08,train
RSDD_02933,RSDD,scene_08,train
RSDD_02934,RSDD,scene_08,train
RSDD_02935,RSDD,scene_08,train
RSDD_02936,RSDD,scene_08,train
RSDD_02937,RSDD,scene_08,train
RSDD_02938,RSDD,scene_08,train
RSDD_02939,RSDD,scene_08,train
RSDD_02940,RSDD,scene_08,train
RSDD_02941,RSDD,scene_08,train
RSDD_02942,RSDD,scene_08,train
RSDD_02943,RSDD,scene_08,train
RSDD_02944,RSDD,scene_08,train
RSDD_02945,RSDD,scene_08,train
RSDD_02946,RSDD,scene_08,train
RSDD_02947,RSDD,scene_08,train
RSDD_02948,RSDD,scene_08,train
RSDD_02949,RSDD,scene_08,train
RSDD_02950,RSDD,scene_08,train
RSDD_02951,RSDD,scene_08,train
RSDD_02952,RSDD,scene_08,train
RSDD_02953,RSDD,scene_08,train
RSDD_02954,RSDD,scene_08,train
RSDD_02955,RSDD,scene_08,train
RSDD_02956,RSDD,scene_08,train
RSDD_02957,RSDD,scene_08,train
RSDD_02958,RSDD,scene_08,train
RSDD_02959,RSDD,scene_08,train
RSDD_02960,RSDD,scene_08,train
RSDD_02961,RSDD,scene_08,train
RSDD_02962,RSDD,scene_08,train
RSDD_02963,RSDD,scene_08,train
RSDD_02964,RSDD,scene_08,train
RSDD_02965,RSDD,scene_08,train
RSDD_02966,RSDD,scene_08,train
RSDD_02967,RSDD,scene_08,train
RSDD_02968,RSDD,scene_08,train
RSDD_02969,RSDD,scene_08,train
RSDD_02970,RSDD,scene_08,train
RSDD_02971,RSDD,scene_08,train
RSDD_02972,RSDD,scene_08,train
RSDD_02973,RSDD,scene_08,train
RSDD_02974,RSDD,scene_08,train
RSDD_02975,RSDD,scene_08,train
RSDD_02976,RSDD,scene_08,train
RSDD_02977,RSDD,scene_08,train
RSDD_02978,RSDD,scene_08,train
RSDD_02979,RSDD,scene_08,train
RSDD_02980,RSDD,scene_08,train
RSDD_02981,RSDD,scene_08,train
RSDD_02982,RSDD,scene_08,train
RSDD_02983,RSDD,scene_08,train
RSDD_02984,RSDD,scene_08,train
RSDD_02985,RSDD,scene_08,train
RSDD_02986,RSDD,scene_08,train
RSDD_02987,RSDD,scene_08,train
RSDD_02988,RSDD,scene_08,train
RSDD_02989,RSDD,scene_08,train
RSDD_02990,RSDD,scene_08,train
RSDD_02991,RSDD,scene_08,train
RSDD_02992,RSDD,scene_08,train
RSDD_02993,RSDD,scene_08,train
RSDD_02994,RSDD,scene_08,train
RSDD_02995,RSDD,scene_08,train
RSDD_02996,RSDD,scene_08,train
RSDD_02997,RSDD,scene_08,train
RSDD_02998,RSDD,scene_08,train
RSDD_02999,RSDD,scene_08,train
RSDD_03000,RSDD,scene_08,train
RSDD_03001,RSDD,scene_08,train
RSDD_03002,RSDD,scene_08,train
RSDD_03003,RSDD,scene_08,train
RSDD_03004,RSDD,scene_08,train
RSDD_03005,RSDD,scene_08,train
RSDD_03006,RSDD,scene_08,train
RSDD_03007,RSDD,scene_08,train
RSDD_03008,RSDD,scene_08,train
RSDD_03009,RSDD,scene_08,train
RSDD_03010,RSDD,scene_08,train
RSDD_03011,RSDD,scene_08,train
RSDD_03012,RSDD,scene_08,train
RSDD_03013,RSDD,scene_08,train
RSDD_03014,RSDD,scene_08,train
RSDD_03015,RSDD,scene_08,train
RSDD_03016,RSDD,scene_08,train
RSDD_03017,RSDD,scene_08,train
RSDD_03018,RSDD,scene_08,train
RSDD_03019,RSDD,scene_08,train
RSDD_03020,RSDD,scene_08,train
RSDD_03021,RSDD,scene_08,train
RSDD_03022,RSDD,scene_08,train
RSDD_03023,RSDD,scene_08,train
RSDD_03024,RSDD,scene_08,train
RSDD_03025,RSDD,scene_08,train
RSDD_03026,RSDD,scene_08,train
RSDD_03027,RSDD,scene_08,train
RSDD_03028,RSDD,scene_08,train
RSDD_03029,RSDD,scene_08,train
RSDD_03030,RSDD,scene_08,train
RSDD_03031,RSDD,scene_08,train
RSDD_03032,RSDD,scene_08,train
RSDD_03033,RSDD,scene_08,train
RSDD_03034,RSDD,scene_08,train
RSDD_03035,RSDD,scene_08,train
RSDD_03036,RSDD,scene_08,train
RSDD_03037,RSDD,scene_08,train
RSDD_03038,RSDD,scene_08,train
RSDD_03039,RSDD,scene_08,train
RSDD_03040,RSDD,scene_08,train
RSDD_03041,RSDD,scene_08,train
RSDD_03042,RSDD,scene_08,train
RSDD_03043,RSDD,scene_08,train
RSDD_03044,RSDD,scene_08,train
RSDD_03045,RSDD,scene_08,train
RSDD_03046,RSDD,scene_08,train
RSDD_03047,RSDD,scene_08,train
RSDD_03048,RSDD,scene_08,train
RSDD_03049,RSDD,scene_08,train
RSDD_03050,RSDD,scene_08,train
RSDD_03051,RSDD,scene_08,train
RSDD_03052,RSDD,scene_08,train
RSDD_03053,RSDD,scene_08,train
RSDD_03054,RSDD,scene_08,train
RSDD_03055,RSDD,scene_08,train
RSDD_03056,RSDD,scene_08,train
RSDD_03057,RSDD,scene_08,train
RSDD_03058,RSDD,scene_08,train
RSDD_03059,RSDD,scene_08,train
RSDD_03060,RSDD,scene_08,train
RSDD_03061,RSDD,scene_08,train
RSDD_03062,RSDD,scene_08,train
RSDD_03063,RSDD,scene_08,train
RSDD_03064,RSDD,scene_08,train
RSDD_03065,RSDD,scene_08,train
RSDD_03066,RSDD,scene_08,train
RSDD_03067,RSDD,scene_08,train
RSDD_03068,RSDD,scene_08,train
RSDD_03069,RSDD,scene_08,train
RSDD_03070,RSDD,scene_08,train
RSDD_03071,RSDD,scene_08,train
RSDD_03072,RSDD,scene_08,train
RSDD_03073,RSDD,scene_08,train
RSDD_03074,RSDD,scene_08,train
RSDD_03075,RSDD,scene_08,train
RSDD_03076,RSDD,scene_08,train
RSDD_03077,RSDD,scene_08,train
RSDD_03078,RSDD,scene_08,train
RSDD_03079,RSDD,scene_08,train
RSDD_03080,RSDD,scene_08,train
RSDD_03081,RSDD,scene_08,train
RSDD_03082,RSDD,scene_08,train
RSDD_03083,RSDD,scene_08,train
RSDD_03084,RSDD,scene_08,train
RSDD_03085,RSDD,scene_08,train
RSDD_03086,RSDD,scene_08,train
RSDD_03087,RSDD,scene_08,train
RSDD_03088,RSDD,scene_08,train
RSDD_03089,RSDD,scene_08,train
RSDD_03090,RSDD,scene_08,train
RSDD_03091,RSDD,scene_08,train
RSDD_03092,RSDD,scene_08,train
RSDD_03093,RSDD,scene_08,train
RSDD_03094,RSDD,scene_08,train
RSDD_03095,RSDD,scene_08,train
RSDD_03096,RSDD,scene_08,train
RSDD_03097,RSDD,scene_08,train
RSDD_03098,RSDD,scene_08,train
RSDD_03099,RSDD,scene_08,train
RSDD_03100,RSDD,scene_08,train
RSDD_03101,RSDD,scene_08,train
RSDD_03102,RSDD,scene_08,train
RSDD_03103,RSDD,scene_08,train
RSDD_03104,RSDD,scene_08,train
RSDD_03105,RSDD,scene_08,train
RSDD_03106,RSDD,scene_08,train
RSDD_03107,RSDD,scene_08,train
RSDD_03108,RSDD,scene_08,train
RSDD_03109,RSDD,scene_08,train
RSDD_03110,RSDD,scene_08,train
RSDD_03111,RSDD,scene_08,train
RSDD_03112,RSDD,scene_08,train
RSDD_03113,RSDD,scene_08,train
RSDD_03114,RSDD,scene_08,train
RSDD_03115,RSDD,scene_08,train
RSDD_03116,RSDD,scene_08,train
RSDD_03117,RSDD,scene_08,train
RSDD_03118,RSDD,scene_08,train
RSDD_03119,RSDD,scene_08,train
RSDD_03120,RSDD,scene_08,train
RSDD_03121,RSDD,scene_08,train
RSDD_03122,RSDD,scene_08,train
RSDD_03123,RSDD,scene_08,train
RSDD_03124,RSDD,scene_08,train
RSDD_03125,RSDD,scene_08,train
RSDD_03126,RSDD,scene_08,train
RSDD_03127,RSDD,scene_08,train
RSDD_03128,RSDD,scene_08,train
RSDD_03129,RSDD,scene_08,train
RSDD_03130,RSDD,scene_08,train
RSDD_03131,RSDD,scene_08,train
RSDD_03132,RSDD,scene_08,train
RSDD_03133,RSDD,scene_08,train
RSDD_03134,RSDD,scene_08,train
RSDD_03135,RSDD,scene_08,train
RSDD_03136,RSDD,scene_08,train
RSDD_03137,RSDD,scene_08,train
RSDD_03138,RSDD,scene_08,train
RSDD_03139,RSDD,scene_08,train
RSDD_03140,RSDD,scene_08,train
RSDD_03141,RSDD,scene_08,train
RSDD_03142,RSDD,scene_08,train
RSDD_03143,RSDD,scene_08,train
RSDD_03144,RSDD,scene_08,train
RSDD_03145,RSDD,scene_08,train
RSDD_03146,RSDD,scene_08,train
RSDD_03147,RSDD,scene_08,train
RSDD_03148,RSDD,scene_08,train
RSDD_03149,RSDD,scene_08,train
RSDD_03150,RSDD,scene_08,train
RSDD_03151,RSDD,scene_08,train
RSDD_03152,RSDD,scene_08,train
RSDD_03153,RSDD,scene_08,train
RSDD_03154,RSDD,scene_08,train
RSDD_03155,RSDD,scene_08,train
RSDD_03156,RSDD,scene_08,train
RSDD_03157,RSDD,scene_08,train
RSDD_03158,RSDD,scene_08,train
RSDD_03159,RSDD,scene_08,train
RSDD_03160,RSDD,scene_08,train
RSDD_03161,RSDD,scene_08,train
RSDD_03162,RSDD,scene_08,train
RSDD_03163,RSDD,scene_08,train
RSDD_03164,RSDD,scene_08,train
RSDD_03165,RSDD,scene_08,train
RSDD_03166,RSDD,scene_08,train
RSDD_03167,RSDD,scene_08,train
RSDD_03168,RSDD,scene_08,train
RSDD_03169,RSDD,scene_08,train
RSDD_03170,RSDD,scene_08,train
RSDD_03171,RSDD,scene_08,train
RSDD_03172,RSDD,scene_08,train
RSDD_03173,RSDD,scene_08,train
RSDD_03174,RSDD,scene_08,train
RSDD_03175,RSDD,scene_08,train
RSDD_03176,RSDD,scene_08,train
RSDD_03177,RSDD,scene_08,train
RSDD_03178,RSDD,scene_08,train
RSDD_03179,RSDD,scene_08,train
RSDD_03180,RSDD,scene_08,train
RSDD_03181,RSDD,scene_08,train
RSDD_03182,RSDD,scene_08,train
RSDD_03183,RSDD,scene_08,train
RSDD_03184,RSDD,scene_08,train
RSDD_03185,RSDD,scene_08,train
RSDD_03186,RSDD,scene_08,train
RSDD_03187,RSDD,scene_08,train
RSDD_03188,RSDD,scene_08,train
RSDD_03189,RSDD,scene_08,train
RSDD_03190,RSDD,scene_08,train
RSDD_03191,RSDD,scene_08,train
RSDD_03192,RSDD,scene_08,train
RSDD_03193,RSDD,scene_08,train
RSDD_03194,RSDD,scene_08,train
RSDD_03195,RSDD,scene_08,train
RSDD_03196,RSDD,scene_08,train
RSDD_03197,RSDD,scene_08,train
RSDD_03198,RSDD,scene_08,train
RSDD_03199,RSDD,scene_08,train
RSDD_03200,RSDD,scene_08,train
RSDD_03201,RSDD,scene_09,train
RSDD_03202,RSDD,scene_09,train
RSDD_03203,RSDD,scene_09,train
RSDD_03204,RSDD,scene_09,train
RSDD_03205,RSDD,scene_09,train
RSDD_03206,RSDD,scene_09,train
RSDD_03207,RSDD,scene_09,train
RSDD_03208,RSDD,scene_09,train
RSDD_03209,RSDD,scene_09,train
RSDD_03210,RSDD,scene_09,train
RSDD_03211,RSDD,scene_09,train
RSDD_03212,RSDD,scene_09,train
RSDD_03213,RSDD,scene_09,train
RSDD_03214,RSDD,scene_09,train
RSDD_03215,RSDD,scene_09,train
RSDD_03216,RSDD,scene_09,train
RSDD_03217,RSDD,scene_09,train
RSDD_03218,RSDD,scene_09,train
RSDD_03219,RSDD,scene_09,train
RSDD_03220,RSDD,scene_09,train
RSDD_03221,RSDD,scene_09,train
RSDD_03222,RSDD,scene_09,train
RSDD_03223,RSDD,scene_09,train
RSDD_03224,RSDD,scene_09,train
RSDD_03225,RSDD,scene_09,train
RSDD_03226,RSDD,scene_09,train
RSDD_03227,RSDD,scene_09,train
RSDD_03228,RSDD,scene_09,train
RSDD_03229,RSDD,scene_09,train
RSDD_03230,RSDD,scene_09,train
RSDD_03231,RSDD,scene_09,train
RSDD_03232,RSDD,scene_09,train
RSDD_03233,RSDD,scene_09,train
RSDD_03234,RSDD,scene_09,train
RSDD_03235,RSDD,scene_09,train
RSDD_03236,RSDD,scene_09,train
RSDD_03237,RSDD,scene_09,train
RSDD_03238,RSDD,scene_09,train
RSDD_03239,RSDD,scene_09,train
RSDD_03240,RSDD,scene_09,train
RSDD_03241,RSDD,scene_09,train
RSDD_03242,RSDD,scene_09,train
RSDD_03243,RSDD,scene_09,train
RSDD_03244,RSDD,scene_09,train
RSDD_03245,RSDD,scene_09,train
RSDD_03246,RSDD,scene_09,train
RSDD_03247,RSDD,scene_09,train
RSDD_03248,RSDD,scene_09,train
RSDD_03249,RSDD,scene_09,train
RSDD_03250,RSDD,scene_09,train
RSDD_03251,RSDD,scene_09,train
RSDD_03252,RSDD,scene_09,train
RSDD_03253,RSDD,scene_09,train
RSDD_03254,RSDD,scene_09,train
RSDD_03255,RSDD,scene_09,train
RSDD_03256,RSDD,scene_09,train
RSDD_03257,RSDD,scene_09,train
RSDD_03258,RSDD,scene_09,train
RSDD_03259,RSDD,scene_09,train
RSDD_03260,RSDD,scene_09,train
RSDD_03261,RSDD,scene_09,train
RSDD_03262,RSDD,scene_09,train
RSDD_03263,RSDD,scene_09,train
RSDD_03264,RSDD,scene_09,train
RSDD_03265,RSDD,scene_09,train
RSDD_03266,RSDD,scene_09,train
RSDD_03267,RSDD,scene_09,train
RSDD_03268,RSDD,scene_09,train
RSDD_03269,RSDD,scene_09,train
RSDD_03270,RSDD,scene_09,train
RSDD_03271,RSDD,scene_09,train
RSDD_03272,RSDD,scene_09,train
RSDD_03273,RSDD,scene_09,train
RSDD_03274,RSDD,scene_09,train
RSDD_03275,RSDD,scene_09,train
RSDD_03276,RSDD,scene_09,train
RSDD_03277,RSDD,scene_09,train
RSDD_03278,RSDD,scene_09,train
RSDD_03279,RSDD,scene_09,train
RSDD_03280,RSDD,scene_09,train
RSDD_03281,RSDD,scene_09,train
RSDD_03282,RSDD,scene_09,train
RSDD_03283,RSDD,scene_09,train
RSDD_03284,RSDD,scene_09,train
RSDD_03285,RSDD,scene_09,train
RSDD_03286,RSDD,scene_09,train
RSDD_03287,RSDD,scene_09,train
RSDD_03288,RSDD,scene_09,train
RSDD_03289,RSDD,scene_09,train
RSDD_03290,RSDD,scene_09,train
RSDD_03291,RSDD,scene_09,train
RSDD_03292,RSDD,scene_09,train
RSDD_03293,RSDD,scene_09,train
RSDD_03294,RSDD,scene_09,train
RSDD_03295,RSDD,scene_09,train
RSDD_03296,RSDD,scene_09,train
RSDD_03297,RSDD,scene_09,train
RSDD_03298,RSDD,scene_09,train
RSDD_03299,RSDD,scene_09,train
RSDD_03300,RSDD,scene_09,train
RSDD_03301,RSDD,scene_09,train
RSDD_03302,RSDD,scene_09,train
RSDD_03303,RSDD,scene_09,train
RSDD_03304,RSDD,scene_09,train
RSDD_03305,RSDD,scene_09,train
RSDD_03306,RSDD,scene_09,train
RSDD_03307,RSDD,scene_09,train
RSDD_03308,RSDD,scene_09,train
RSDD_03309,RSDD,scene_09,train
RSDD_03310,RSDD,scene_09,train
RSDD_03311,RSDD,scene_09,train
RSDD_03312,RSDD,scene_09,train
RSDD_03313,RSDD,scene_09,train
RSDD_03314,RSDD,scene_09,train
RSDD_03315,RSDD,scene_09,train
RSDD_03316,RSDD,scene_09,train
RSDD_03317,RSDD,scene_09,train
RSDD_03318,RSDD,scene_09,train
RSDD_03319,RSDD,scene_09,train
RSDD_03320,RSDD,scene_09,train
RSDD_03321,RSDD,scene_09,train
RSDD_03322,RSDD,scene_09,train
RSDD_03323,RSDD,scene_09,train
RSDD_03324,RSDD,scene_09,train
RSDD_03325,RSDD,scene_09,train
RSDD_03326,RSDD,scene_09,train
RSDD_03327,RSDD,scene_09,train
RSDD_03328,RSDD,scene_09,train
RSDD_03329,RSDD,scene_09,train
RSDD_03330,RSDD,scene_09,train
RSDD_03331,RSDD,scene_09,train
RSDD_03332,RSDD,scene_09,train
RSDD_03333,RSDD,scene_09,train
RSDD_03334,RSDD,scene_09,train
RSDD_03335,RSDD,scene_09,train
RSDD_03336,RSDD,scene_09,train
RSDD_03337,RSDD,scene_09,train
RSDD_03338,RSDD,scene_09,train
RSDD_03339,RSDD,scene_09,train
RSDD_03340,RSDD,scene_09,train
RSDD_03341,RSDD,scene_09,train
RSDD_03342,RSDD,scene_09,train
RSDD_03343,RSDD,scene_09,train
RSDD_03344,RSDD,scene_09,train
RSDD_03345,RSDD,scene_09,train
RSDD_03346,RSDD,scene_09,train
RSDD_03347,RSDD,scene_09,train
RSDD_03348,RSDD,scene_09,train
RSDD_03349,RSDD,scene_09,train
RSDD_03350,RSDD,scene_09,train
RSDD_03351,RSDD,scene_09,train
RSDD_03352,RSDD,scene_09,train
RSDD_03353,RSDD,scene_09,train
RSDD_03354,RSDD,scene_09,train
RSDD_03355,RSDD,scene_09,train
RSDD_03356,RSDD,scene_09,train
RSDD_03357,RSDD,scene_09,train
RSDD_03358,RSDD,scene_09,train
RSDD_03359,RSDD,scene_09,train
RSDD_03360,RSDD,scene_09,train
RSDD_03361,RSDD,scene_09,train
RSDD_03362,RSDD,scene_09,train
RSDD_03363,RSDD,scene_09,train
RSDD_03364,RSDD,scene_09,train
RSDD_03365,RSDD,scene_09,train
RSDD_03366,RSDD,scene_09,train
RSDD_03367,RSDD,scene_09,train
RSDD_03368,RSDD,scene_09,train
RSDD_03369,RSDD,scene_09,train
RSDD_03370,RSDD,scene_09,train
RSDD_03371,RSDD,scene_09,train
RSDD_03372,RSDD,scene_09,train
RSDD_03373,RSDD,scene_09,train
RSDD_03374,RSDD,scene_09,train
RSDD_03375,RSDD,scene_09,train
RSDD_03376,RSDD,scene_09,train
RSDD_03377,RSDD,scene_09,train
RSDD_03378,RSDD,scene_09,train
RSDD_03379,RSDD,scene_09,train
RSDD_03380,RSDD,scene_09,train
RSDD_03381,RSDD,scene_09,train
RSDD_03382,RSDD,scene_09,train
RSDD_03383,RSDD,scene_09,train
RSDD_03384,RSDD,scene_09,train
RSDD_03385,RSDD,scene_09,train
RSDD_03386,RSDD,scene_09,train
RSDD_03387,RSDD,scene_09,train
RSDD_03388,RSDD,scene_09,train
RSDD_03389,RSDD,scene_09,train
RSDD_03390,RSDD,scene_09,train
RSDD_03391,RSDD,scene_09,train
RSDD_03392,RSDD,scene_09,train
RSDD_03393,RSDD,scene_09,train
RSDD_03394,RSDD,scene_09,train
RSDD_03395,RSDD,scene_09,train
RSDD_03396,RSDD,scene_09,train
RSDD_03397,RSDD,scene_09,train
RSDD_03398,RSDD,scene_09,train
RSDD_03399,RSDD,scene_09,train
RSDD_03400,RSDD,scene_09,train
RSDD_03401,RSDD,scene_09,train
RSDD_03402,RSDD,scene_09,train
RSDD_03403,RSDD,scene_09,train
RSDD_03404,RSDD,scene_09,train
RSDD_03405,RSDD,scene_09,train
RSDD_03406,RSDD,scene_09,train
RSDD_03407,RSDD,scene_09,train
RSDD_03408,RSDD,scene_09,train
RSDD_03409,RSDD,scene_09,train
RSDD_03410,RSDD,scene_09,train
RSDD_03411,RSDD,scene_09,train
RSDD_03412,RSDD,scene_09,train
RSDD_03413,RSDD,scene_09,train
RSDD_03414,RSDD,scene_09,train
RSDD_03415,RSDD,scene_09,train
RSDD_03416,RSDD,scene_09,train
RSDD_03417,RSDD,scene_09,train
RSDD_03418,RSDD,scene_09,train
RSDD_03419,RSDD,scene_09,train
RSDD_03420,RSDD,scene_09,train
RSDD_03421,RSDD,scene_09,train
RSDD_03422,RSDD,scene_09,train
RSDD_03423,RSDD,scene_09,train
RSDD_03424,RSDD,scene_09,train
RSDD_03425,RSDD,scene_09,train
RSDD_03426,RSDD,scene_09,train
RSDD_03427,RSDD,scene_09,train
RSDD_03428,RSDD,scene_09,train
RSDD_03429,RSDD,scene_09,train
RSDD_03430,RSDD,scene_09,train
RSDD_03431,RSDD,scene_09,train
RSDD_03432,RSDD,scene_09,train
RSDD_03433,RSDD,scene_09,train
RSDD_03434,RSDD,scene_09,train
RSDD_03435,RSDD,scene_09,train
RSDD_03436,RSDD,scene_09,train
RSDD_03437,RSDD,scene_09,train
RSDD_03438,RSDD,scene_09,train
RSDD_03439,RSDD,scene_09,train
RSDD_03440,RSDD,scene_09,train
RSDD_03441,RSDD,scene_09,train
RSDD_03442,RSDD,scene_09,train
RSDD_03443,RSDD,scene_09,train
RSDD_03444,RSDD,scene_09,train
RSDD_03445,RSDD,scene_09,train
RSDD_03446,RSDD,scene_09,train
RSDD_03447,RSDD,scene_09,train
RSDD_03448,RSDD,scene_09,train
RSDD_03449,RSDD,scene_09,train
RSDD_03450,RSDD,scene_09,train
RSDD_03451,RSDD,scene_09,train
RSDD_03452,RSDD,scene_09,train
RSDD_03453,RSDD,scene_09,train
RSDD_03454,RSDD,scene_09,train
RSDD_03455,RSDD,scene_09,train
RSDD_03456,RSDD,scene_09,train
RSDD_03457,RSDD,scene_09,train
RSDD_03458,RSDD,scene_09,train
RSDD_03459,RSDD,scene_09,train
RSDD_03460,RSDD,scene_09,train
RSDD_03461,RSDD,scene_09,train
RSDD_03462,RSDD,scene_09,train
RSDD_03463,RSDD,scene_09,train
RSDD_03464,RSDD,scene_09,train
RSDD_03465,RSDD,scene_09,train
RSDD_03466,RSDD,scene_09,train
RSDD_03467,RSDD,scene_09,train
RSDD_03468,RSDD,scene_09,train
RSDD_03469,RSDD,scene_09,train
RSDD_03470,RSDD,scene_09,train
RSDD_03471,RSDD,scene_09,train
RSDD_03472,RSDD,scene_09,train
RSDD_03473,RSDD,scene_09,train
RSDD_03474,RSDD,scene_09,train
RSDD_03475,RSDD,scene_09,train
RSDD_03476,RSDD,scene_09,train
RSDD_03477,RSDD,scene_09,train
RSDD_03478,RSDD,scene_09,train
RSDD_03479,RSDD,scene_09,train
RSDD_03480,RSDD,scene_09,train
RSDD_03481,RSDD,scene_09,train
RSDD_03482,RSDD,scene_09,train
RSDD_03483,RSDD,scene_09,train
RSDD_03484,RSDD,scene_09,train
RSDD_03485,RSDD,scene_09,train
RSDD_03486,RSDD,scene_09,train
RSDD_03487,RSDD,scene_09,train
RSDD_03488,RSDD,scene_09,train
RSDD_03489,RSDD,scene_09,train
RSDD_03490,RSDD,scene_09,train
RSDD_03491,RSDD,scene_09,train
RSDD_03492,RSDD,scene_09,train
RSDD_03493,RSDD,scene_09,train
RSDD_03494,RSDD,scene_09,train
RSDD_03495,RSDD,scene_09,train
RSDD_03496,RSDD,scene_09,train
RSDD_03497,RSDD,scene_09,train
RSDD_03498,RSDD,scene_09,train
RSDD_03499,RSDD,scene_09,train
RSDD_03500,RSDD,scene_09,train
RSDD_03501,RSDD,scene_09,train
RSDD_03502,RSDD,scene_09,train
RSDD_03503,RSDD,scene_09,train
RSDD_03504,RSDD,scene_09,train
RSDD_03505,RSDD,scene_09,train
RSDD_03506,RSDD,scene_09,train
RSDD_03507,RSDD,scene_09,train
RSDD_03508,RSDD,scene_09,train
RSDD_03509,RSDD,scene_09,train
RSDD_03510,RSDD,scene_09,train
RSDD_03511,RSDD,scene_09,train
RSDD_03512,RSDD,scene_09,train
RSDD_03513,RSDD,scene_09,train
RSDD_03514,RSDD,scene_09,train
RSDD_03515,RSDD,scene_09,train
RSDD_03516,RSDD,scene_09,train
RSDD_03517,RSDD,scene_09,train
RSDD_03518,RSDD,scene_09,train
RSDD_03519,RSDD,scene_09,train
RSDD_03520,RSDD,scene_09,train
RSDD_03521,RSDD,scene_09,train
RSDD_03522,RSDD,scene_09,train
RSDD_03523,RSDD,scene_09,train
RSDD_03524,RSDD,scene_09,train
RSDD_03525,RSDD,scene_09,train
RSDD_03526,RSDD,scene_09,train
RSDD_03527,RSDD,scene_09,train
RSDD_03528,RSDD,scene_09,train
RSDD_03529,RSDD,scene_09,train
RSDD_03530,RSDD,scene_09,train
RSDD_03531,RSDD,scene_09,train
RSDD_03532,RSDD,scene_09,train
RSDD_03533,RSDD,scene_09,train
RSDD_03534,RSDD,scene_09,train
RSDD_03535,RSDD,scene_09,train
RSDD_03536,RSDD,scene_09,train
RSDD_03537,RSDD,scene_09,train
RSDD_03538,RSDD,scene_09,train
RSDD_03539,RSDD,scene_09,train
RSDD_03540,RSDD,scene_09,train
RSDD_03541,RSDD,scene_09,train
RSDD_03542,RSDD,scene_09,train
RSDD_03543,RSDD,scene_09,train
RSDD_03544,RSDD,scene_09,train
RSDD_03545,RSDD,scene_09,train
RSDD_03546,RSDD,scene_09,train
RSDD_03547,RSDD,scene_09,train
RSDD_03548,RSDD,scene_09,train
RSDD_03549,RSDD,scene_09,train
RSDD_03550,RSDD,scene_09,train
RSDD_03551,RSDD,scene_09,train
RSDD_03552,RSDD,scene_09,train
RSDD_03553,RSDD,scene_09,train
RSDD_03554,RSDD,scene_09,train
RSDD_03555,RSDD,scene_09,train
RSDD_03556,RSDD,scene_09,train
RSDD_03557,RSDD,scene_09,train
RSDD_03558,RSDD,scene_09,train
RSDD_03559,RSDD,scene_09,train
RSDD_03560,RSDD,scene_09,train
RSDD_03561,RSDD,scene_09,train
RSDD_03562,RSDD,scene_09,train
RSDD_03563,RSDD,scene_09,train
RSDD_03564,RSDD,scene_09,train
RSDD_03565,RSDD,scene_09,train
RSDD_03566,RSDD,scene_09,train
RSDD_03567,RSDD,scene_09,train
RSDD_03568,RSDD,scene_09,train
RSDD_03569,RSDD,scene_09,train
RSDD_03570,RSDD,scene_09,train
RSDD_03571,RSDD,scene_09,train
RSDD_03572,RSDD,scene_09,train
RSDD_03573,RSDD,scene_09,train
RSDD_03574,RSDD,scene_09,train
RSDD_03575,RSDD,scene_09,train
RSDD_03576,RSDD,scene_09,train
RSDD_03577,RSDD,scene_09,train
RSDD_03578,RSDD,scene_09,train
RSDD_03579,RSDD,scene_09,train
RSDD_03580,RSDD,scene_09,train
RSDD_03581,RSDD,scene_09,train
RSDD_03582,RSDD,scene_09,train
RSDD_03583,RSDD,scene_09,train
RSDD_03584,RSDD,scene_09,train
RSDD_03585,RSDD,scene_09,train
RSDD_03586,RSDD,scene_09,train
RSDD_03587,RSDD,scene_09,train
RSDD_03588,RSDD,scene_09,train
RSDD_03589,RSDD,scene_09,train
RSDD_03590,RSDD,scene_09,train
RSDD_03591,RSDD,scene_09,train
RSDD_03592,RSDD,scene_09,train
RSDD_03593,RSDD,scene_09,train
RSDD_03594,RSDD,scene_09,train
RSDD_03595,RSDD,scene_09,train
RSDD_03596,RSDD,scene_09,train
RSDD_03597,RSDD,scene_09,train
RSDD_03598,RSDD,scene_09,train
RSDD_03599,RSDD,scene_09,train
RSDD_03600,RSDD,scene_09,train
RSDD_03601,RSDD,scene_10,train
RSDD_03602,RSDD,scene_10,train
RSDD_03603,RSDD,scene_10,train
RSDD_03604,RSDD,scene_10,train
RSDD_03605,RSDD,scene_10,train
RSDD_03606,RSDD,scene_10,train
RSDD_03607,RSDD,scene_10,train
RSDD_03608,RSDD,scene_10,train
RSDD_03609,RSDD,scene_10,train
RSDD_03610,RSDD,scene_10,train
RSDD_03611,RSDD,scene_10,train
RSDD_03612,RSDD,scene_10,train
RSDD_03613,RSDD,scene_10,train
RSDD_03614,RSDD,scene_10,train
RSDD_03615,RSDD,scene_10,train
RSDD_03616,RSDD,scene_10,train
RSDD_03617,RSDD,scene_10,train
RSDD_03618,RSDD,scene_10,train
RSDD_03619,RSDD,scene_10,train
RSDD_03620,RSDD,scene_10,train
RSDD_03621,RSDD,scene_10,train
RSDD_03622,RSDD,scene_10,train
RSDD_03623,RSDD,scene_10,train
RSDD_03624,RSDD,scene_10,train
RSDD_03625,RSDD,scene_10,train
RSDD_03626,RSDD,scene_10,train
RSDD_03627,RSDD,scene_10,train
RSDD_03628,RSDD,scene_10,train
RSDD_03629,RSDD,scene_10,train
RSDD_03630,RSDD,scene_10,train
RSDD_03631,RSDD,scene_10,train
RSDD_03632,RSDD,scene_10,train
RSDD_03633,RSDD,scene_10,train
RSDD_03634,RSDD,scene_10,train
RSDD_03635,RSDD,scene_10,train
RSDD_03636,RSDD,scene_10,train
RSDD_03637,RSDD,scene_10,train
RSDD_03638,RSDD,scene_10,train
RSDD_03639,RSDD,scene_10,train
RSDD_03640,RSDD,scene_10,train
RSDD_03641,RSDD,scene_10,train
RSDD_03642,RSDD,scene_10,train
RSDD_03643,RSDD,scene_10,train
RSDD_03644,RSDD,scene_10,train
RSDD_03645,RSDD,scene_10,train
RSDD_03646,RSDD,scene_10,train
RSDD_03647,RSDD,scene_10,train
RSDD_03648,RSDD,scene_10,train
RSDD_03649,RSDD,scene_10,train
RSDD_03650,RSDD,scene_10,train
RSDD_03651,RSDD,scene_10,train
RSDD_03652,RSDD,scene_10,train
RSDD_03653,RSDD,scene_10,train
RSDD_03654,RSDD,scene_10,train
RSDD_03655,RSDD,scene_10,train
RSDD_03656,RSDD,scene_10,train
RSDD_03657,RSDD,scene_10,train
RSDD_03658,RSDD,scene_10,train
RSDD_03659,RSDD,scene_10,train
RSDD_03660,RSDD,scene_10,train
RSDD_03661,RSDD,scene_10,train
RSDD_03662,RSDD,scene_10,train
RSDD_03663,RSDD,scene_10,train
RSDD_03664,RSDD,scene_10,train
RSDD_03665,RSDD,scene_10,train
RSDD_03666,RSDD,scene_10,train
RSDD_03667,RSDD,scene_10,train
RSDD_03668,RSDD,scene_10,train
RSDD_03669,RSDD,scene_10,train
RSDD_03670,RSDD,scene_10,train
RSDD_03671,RSDD,scene_10,train
RSDD_03672,RSDD,scene_10,train
RSDD_03673,RSDD,scene_10,train
RSDD_03674,RSDD,scene_10,train
RSDD_03675,RSDD,scene_10,train
RSDD_03676,RSDD,scene_10,train
RSDD_03677,RSDD,scene_10,train
RSDD_03678,RSDD,scene_10,train
RSDD_03679,RSDD,scene_10,train
RSDD_03680,RSDD,scene_10,train
RSDD_03681,RSDD,scene_10,train
RSDD_03682,RSDD,scene_10,train
RSDD_03683,RSDD,scene_10,train
RSDD_03684,RSDD,scene_10,train
RSDD_03685,RSDD,scene_10,train
RSDD_03686,RSDD,scene_10,train
RSDD_03687,RSDD,scene_10,train
RSDD_03688,RSDD,scene_10,train
RSDD_03689,RSDD,scene_10,train
RSDD_03690,RSDD,scene_10,train
RSDD_03691,RSDD,scene_10,train
RSDD_03692,RSDD,scene_10,train
RSDD_03693,RSDD,scene_10,train
RSDD_03694,RSDD,scene_10,train
RSDD_03695,RSDD,scene_10,train
RSDD_03696,RSDD,scene_10,train
RSDD_03697,RSDD,scene_10,train
RSDD_03698,RSDD,scene_10,train
RSDD_03699,RSDD,scene_10,train
RSDD_03700,RSDD,scene_10,train
RSDD_03701,RSDD,scene_10,train
RSDD_03702,RSDD,scene_10,train
RSDD_03703,RSDD,scene_10,train
RSDD_03704,RSDD,scene_10,train
RSDD_03705,RSDD,scene_10,train
RSDD_03706,RSDD,scene_10,train
RSDD_03707,RSDD,scene_10,train
RSDD_03708,RSDD,scene_10,train
RSDD_03709,RSDD,scene_10,train
RSDD_03710,RSDD,scene_10,train
RSDD_03711,RSDD,scene_10,train
RSDD_03712,RSDD,scene_10,train
RSDD_03713,RSDD,scene_10,train
RSDD_03714,RSDD,scene_10,train
RSDD_03715,RSDD,scene_10,train
RSDD_03716,RSDD,scene_10,train
RSDD_03717,RSDD,scene_10,train
RSDD_03718,RSDD,scene_10,train
RSDD_03719,RSDD,scene_10,train
RSDD_03720,RSDD,scene_10,train
RSDD_03721,RSDD,scene_10,train
RSDD_03722,RSDD,scene_10,train
RSDD_03723,RSDD,scene_10,train
RSDD_03724,RSDD,scene_10,train
RSDD_03725,RSDD,scene_10,train
RSDD_03726,RSDD,scene_10,train
RSDD_03727,RSDD,scene_10,train
RSDD_03728,RSDD,scene_10,train
RSDD_03729,RSDD,scene_10,train
RSDD_03730,RSDD,scene_10,train
RSDD_03731,RSDD,scene_10,train
RSDD_03732,RSDD,scene_10,train
RSDD_03733,RSDD,scene_10,train
RSDD_03734,RSDD,scene_10,train
RSDD_03735,RSDD,scene_10,train
RSDD_03736,RSDD,scene_10,train
RSDD_03737,RSDD,scene_10,train
RSDD_03738,RSDD,scene_10,train
RSDD_03739,RSDD,scene_10,train
RSDD_03740,RSDD,scene_10,train
RSDD_03741,RSDD,scene_10,train
RSDD_03742,RSDD,scene_10,train
RSDD_03743,RSDD,scene_10,train
RSDD_03744,RSDD,scene_10,train
RSDD_03745,RSDD,scene_10,train
RSDD_03746,RSDD,scene_10,train
RSDD_03747,RSDD,scene_10,train
RSDD_03748,RSDD,scene_10,train
RSDD_03749,RSDD,scene_10,train
RSDD_03750,RSDD,scene_10,train
RSDD_03751,RSDD,scene_10,train
RSDD_03752,RSDD,scene_10,train
RSDD_03753,RSDD,scene_10,train
RSDD_03754,RSDD,scene_10,train
RSDD_03755,RSDD,scene_10,train
RSDD_03756,RSDD,scene_10,train
RSDD_03757,RSDD,scene_10,train
RSDD_03758,RSDD,scene_10,train
RSDD_03759,RSDD,scene_10,train
RSDD_03760,RSDD,scene_10,train
RSDD_03761,RSDD,scene_10,train
RSDD_03762,RSDD,scene_10,train
RSDD_03763,RSDD,scene_10,train
RSDD_03764,RSDD,scene_10,train
RSDD_03765,RSDD,scene_10,train
RSDD_03766,RSDD,scene_10,train
RSDD_03767,RSDD,scene_10,train
RSDD_03768,RSDD,scene_10,train
RSDD_03769,RSDD,scene_10,train
RSDD_03770,RSDD,scene_10,train
RSDD_03771,RSDD,scene_10,train
RSDD_03772,RSDD,scene_10,train
RSDD_03773,RSDD,scene_10,train
RSDD_03774,RSDD,scene_10,train
RSDD_03775,RSDD,scene_10,train
RSDD_03776,RSDD,scene_10,train
RSDD_03777,RSDD,scene_10,train
RSDD_03778,RSDD,scene_10,train
RSDD_03779,RSDD,scene_10,train
RSDD_03780,RSDD,scene_10,train
RSDD_03781,RSDD,scene_10,train
RSDD_03782,RSDD,scene_10,train
RSDD_03783,RSDD,scene_10,train
RSDD_03784,RSDD,scene_10,train
RSDD_03785,RSDD,scene_10,train
RSDD_03786,RSDD,scene_10,train
RSDD_03787,RSDD,scene_10,train
RSDD_03788,RSDD,scene_10,train
RSDD_03789,RSDD,scene_10,train
RSDD_03790,RSDD,scene_10,train
RSDD_03791,RSDD,scene_10,train
RSDD_03792,RSDD,scene_10,train
RSDD_03793,RSDD,scene_10,train
RSDD_03794,RSDD,scene_10,train
RSDD_03795,RSDD,scene_10,train
RSDD_03796,RSDD,scene_10,train
RSDD_03797,RSDD,scene_10,train
RSDD_03798,RSDD,scene_10,train
RSDD_03799,RSDD,scene_10,train
RSDD_03800,RSDD,scene_10,train
RSDD_03801,RSDD,scene_10,train
RSDD_03802,RSDD,scene_10,train
RSDD_03803,RSDD,scene_10,train
RSDD_03804,RSDD,scene_10,train
RSDD_03805,RSDD,scene_10,train
RSDD_03806,RSDD,scene_10,train
RSDD_03807,RSDD,scene_10,train
RSDD_03808,RSDD,scene_10,train
RSDD_03809,RSDD,scene_10,train
RSDD_03810,RSDD,scene_10,train
RSDD_03811,RSDD,scene_10,train
RSDD_03812,RSDD,scene_10,train
RSDD_03813,RSDD,scene_10,train
RSDD_03814,RSDD,scene_10,train
RSDD_03815,RSDD,scene_10,train
RSDD_03816,RSDD,scene_10,train
RSDD_03817,RSDD,scene_10,train
RSDD_03818,RSDD,scene_10,train
RSDD_03819,RSDD,scene_10,train
RSDD_03820,RSDD,scene_10,train
RSDD_03821,RSDD,scene_10,train
RSDD_03822,RSDD,scene_10,train
RSDD_03823,RSDD,scene_10,train
RSDD_03824,RSDD,scene_10,train
RSDD_03825,RSDD,scene_10,train
RSDD_03826,RSDD,scene_10,train
RSDD_03827,RSDD,scene_10,train
RSDD_03828,RSDD,scene_10,train
RSDD_03829,RSDD,scene_10,train
RSDD_03830,RSDD,scene_10,train
RSDD_03831,RSDD,scene_10,train
RSDD_03832,RSDD,scene_10,train
RSDD_03833,RSDD,scene_10,train
RSDD_03834,RSDD,scene_10,train
RSDD_03835,RSDD,scene_10,train
RSDD_03836,RSDD,scene_10,train
RSDD_03837,RSDD,scene_10,train
RSDD_03838,RSDD,scene_10,train
RSDD_03839,RSDD,scene_10,train
RSDD_03840,RSDD,scene_10,train
RSDD_03841,RSDD,scene_10,train
RSDD_03842,RSDD,scene_10,train
RSDD_03843,RSDD,scene_10,train
RSDD_03844,RSDD,scene_10,train
RSDD_03845,RSDD,scene_10,train
RSDD_03846,RSDD,scene_10,train
RSDD_03847,RSDD,scene_10,train
RSDD_03848,RSDD,scene_10,train
RSDD_03849,RSDD,scene_10,train
RSDD_03850,RSDD,scene_10,train
RSDD_03851,RSDD,scene_10,train
RSDD_03852,RSDD,scene_10,train
RSDD_03853,RSDD,scene_10,train
RSDD_03854,RSDD,scene_10,train
RSDD_03855,RSDD,scene_10,train
RSDD_03856,RSDD,scene_10,train
RSDD_03857,RSDD,scene_10,train
RSDD_03858,RSDD,scene_10,train
RSDD_03859,RSDD,scene_10,train
RSDD_03860,RSDD,scene_10,train
RSDD_03861,RSDD,scene_10,train
RSDD_03862,RSDD,scene_10,train
RSDD_03863,RSDD,scene_10,train
RSDD_03864,RSDD,scene_10,train
RSDD_03865,RSDD,scene_10,train
RSDD_03866,RSDD,scene_10,train
RSDD_03867,RSDD,scene_10,train
RSDD_03868,RSDD,scene_10,train
RSDD_03869,RSDD,scene_10,train
RSDD_03870,RSDD,scene_10,train
RSDD_03871,RSDD,scene_10,train
RSDD_03872,RSDD,scene_10,train
RSDD_03873,RSDD,scene_10,train
RSDD_03874,RSDD,scene_10,train
RSDD_03875,RSDD,scene_10,train
RSDD_03876,RSDD,scene_10,train
RSDD_03877,RSDD,scene_10,train
RSDD_03878,RSDD,scene_10,train
RSDD_03879,RSDD,scene_10,train
RSDD_03880,RSDD,scene_10,train
RSDD_03881,RSDD,scene_10,train
RSDD_03882,RSDD,scene_10,train
RSDD_03883,RSDD,scene_10,train
RSDD_03884,RSDD,scene_10,train
RSDD_03885,RSDD,scene_10,train
RSDD_03886,RSDD,scene_10,train
RSDD_03887,RSDD,scene_10,train
RSDD_03888,RSDD,scene_10,train
RSDD_03889,RSDD,scene_10,train
RSDD_03890,RSDD,scene_10,train
RSDD_03891,RSDD,scene_10,train
RSDD_03892,RSDD,scene_10,train
RSDD_03893,RSDD,scene_10,train
RSDD_03894,RSDD,scene_10,train
RSDD_03895,RSDD,scene_10,train
RSDD_03896,RSDD,scene_10,train
RSDD_03897,RSDD,scene_10,train
RSDD_03898,RSDD,scene_10,train
RSDD_03899,RSDD,scene_10,train
RSDD_03900,RSDD,scene_10,train
RSDD_03901,RSDD,scene_10,train
RSDD_03902,RSDD,scene_10,train
RSDD_03903,RSDD,scene_10,train
RSDD_03904,RSDD,scene_10,train
RSDD_03905,RSDD,scene_10,train
RSDD_03906,RSDD,scene_10,train
RSDD_03907,RSDD,scene_10,train
RSDD_03908,RSDD,scene_10,train
RSDD_03909,RSDD,scene_10,train
RSDD_03910,RSDD,scene_10,train
RSDD_03911,RSDD,scene_10,train
RSDD_03912,RSDD,scene_10,train
RSDD_03913,RSDD,scene_10,train
RSDD_03914,RSDD,scene_10,train
RSDD_03915,RSDD,scene_10,train
RSDD_03916,RSDD,scene_10,train
RSDD_03917,RSDD,scene_10,train
RSDD_03918,RSDD,scene_10,train
RSDD_03919,RSDD,scene_10,train
RSDD_03920,RSDD,scene_10,train
RSDD_03921,RSDD,scene_10,train
RSDD_03922,RSDD,scene_10,train
RSDD_03923,RSDD,scene_10,train
RSDD_03924,RSDD,scene_10,train
RSDD_03925,RSDD,scene_10,train
RSDD_03926,RSDD,scene_10,train
RSDD_03927,RSDD,scene_10,train
RSDD_03928,RSDD,scene_10,train
RSDD_03929,RSDD,scene_10,train
RSDD_03930,RSDD,scene_10,train
RSDD_03931,RSDD,scene_10,train
RSDD_03932,RSDD,scene_10,train
RSDD_03933,RSDD,scene_10,train
RSDD_03934,RSDD,scene_10,train
RSDD_03935,RSDD,scene_10,train
RSDD_03936,RSDD,scene_10,train
RSDD_03937,RSDD,scene_10,train
RSDD_03938,RSDD,scene_10,train
RSDD_03939,RSDD,scene_10,train
RSDD_03940,RSDD,scene_10,train
RSDD_03941,RSDD,scene_10,train
RSDD_03942,RSDD,scene_10,train
RSDD_03943,RSDD,scene_10,train
RSDD_03944,RSDD,scene_10,train
RSDD_03945,RSDD,scene_10,train
RSDD_03946,RSDD,scene_10,train
RSDD_03947,RSDD,scene_10,train
RSDD_03948,RSDD,scene_10,train
RSDD_03949,RSDD,scene_10,train
RSDD_03950,RSDD,scene_10,train
RSDD_03951,RSDD,scene_10,train
RSDD_03952,RSDD,scene_10,train
RSDD_03953,RSDD,scene_10,train
RSDD_03954,RSDD,scene_10,train
RSDD_03955,RSDD,scene_10,train
RSDD_03956,RSDD,scene_10,train
RSDD_03957,RSDD,scene_10,train
RSDD_03958,RSDD,scene_10,train
RSDD_03959,RSDD,scene_10,train
RSDD_03960,RSDD,scene_10,train
RSDD_03961,RSDD,scene_10,train
RSDD_03962,RSDD,scene_10,train
RSDD_03963,RSDD,scene_10,train
RSDD_03964,RSDD,scene_10,train
RSDD_03965,RSDD,scene_10,train
RSDD_03966,RSDD,scene_10,train
RSDD_03967,RSDD,scene_10,train
RSDD_03968,RSDD,scene_10,train
RSDD_03969,RSDD,scene_10,train
RSDD_03970,RSDD,scene_10,train
RSDD_03971,RSDD,scene_10,train
RSDD_03972,RSDD,scene_10,train
RSDD_03973,RSDD,scene_10,train
RSDD_03974,RSDD,scene_10,train
RSDD_03975,RSDD,scene_10,train
RSDD_03976,RSDD,scene_10,train
RSDD_03977,RSDD,scene_10,train
RSDD_03978,RSDD,scene_10,train
RSDD_03979,RSDD,scene_10,train
RSDD_03980,RSDD,scene_10,train
RSDD_03981,RSDD,scene_10,train
RSDD_03982,RSDD,scene_10,train
RSDD_03983,RSDD,scene_10,train
RSDD_03984,RSDD,scene_10,train
RSDD_03985,RSDD,scene_10,train
RSDD_03986,RSDD,scene_10,train
RSDD_03987,RSDD,scene_10,train
RSDD_03988,RSDD,scene_10,train
RSDD_03989,RSDD,scene_10,train
RSDD_03990,RSDD,scene_10,train
RSDD_03991,RSDD,scene_10,train
RSDD_03992,RSDD,scene_10,train
RSDD_03993,RSDD,scene_10,train
RSDD_03994,RSDD,scene_10,train
RSDD_03995,RSDD,scene_10,train
RSDD_03996,RSDD,scene_10,train
RSDD_03997,RSDD,scene_10,train
RSDD_03998,RSDD,scene_10,train
RSDD_03999,RSDD,scene_10,train
RSDD_04000,RSDD,scene_10,train
RSDD_04001,RSDD,scene_11,val
RSDD_04002,RSDD,scene_11,val
RSDD_04003,RSDD,scene_11,val
RSDD_04004,RSDD,scene_11,val
RSDD_04005,RSDD,scene_11,val
RSDD_04006,RSDD,scene_11,val
RSDD_04007,RSDD,scene_11,val
RSDD_04008,RSDD,scene_11,val
RSDD_04009,RSDD,scene_11,val
RSDD_04010,RSDD,scene_11,val
RSDD_04011,RSDD,scene_11,val
RSDD_04012,RSDD,scene_11,val
RSDD_04013,RSDD,scene_11,val
RSDD_04014,RSDD,scene_11,val
RSDD_04015,RSDD,scene_11,val
RSDD_04016,RSDD,scene_11,val
RSDD_04017,RSDD,scene_11,val
RSDD_04018,RSDD,scene_11,val
RSDD_04019,RSDD,scene_11,val
RSDD_04020,RSDD,scene_11,val
RSDD_04021,RSDD,scene_11,val
RSDD_04022,RSDD,scene_11,val
RSDD_04023,RSDD,scene_11,val
RSDD_04024,RSDD,scene_11,val
RSDD_04025,RSDD,scene_11,val
RSDD_04026,RSDD,scene_11,val
RSDD_04027,RSDD,scene_11,val
RSDD_04028,RSDD,scene_11,val
RSDD_04029,RSDD,scene_11,val
RSDD_04030,RSDD,scene_11,val
RSDD_04031,RSDD,scene_11,val
RSDD_04032,RSDD,scene_11,val
RSDD_04033,RSDD,scene_11,val
RSDD_04034,RSDD,scene_11,val
RSDD_04035,RSDD,scene_11,val
RSDD_04036,RSDD,scene_11,val
RSDD_04037,RSDD,scene_11,val
RSDD_04038,RSDD,scene_11,val
RSDD_04039,RSDD,scene_11,val
RSDD_04040,RSDD,scene_11,val
RSDD_04041,RSDD,scene_11,val
RSDD_04042,RSDD,scene_11,val
RSDD_04043,RSDD,scene_11,val
RSDD_04044,RSDD,scene_11,val
RSDD_04045,RSDD,scene_11,val
RSDD_04046,RSDD,scene_11,val
RSDD_04047,RSDD,scene_11,val
RSDD_04048,RSDD,scene_11,val
RSDD_04049,RSDD,scene_11,val
RSDD_04050,RSDD,scene_11,val
RSDD_04051,RSDD,scene_11,val
RSDD_04052,RSDD,scene_11,val
RSDD_04053,RSDD,scene_11,val
RSDD_04054,RSDD,scene_11,val
RSDD_04055,RSDD,scene_11,val
RSDD_04056,RSDD,scene_11,val
RSDD_04057,RSDD,scene_11,val
RSDD_04058,RSDD,scene_11,val
RSDD_04059,RSDD,scene_11,val
RSDD_04060,RSDD,scene_11,val
RSDD_04061,RSDD,scene_11,val
RSDD_04062,RSDD,scene_11,val
RSDD_04063,RSDD,scene_11,val
RSDD_04064,RSDD,scene_11,val
RSDD_04065,RSDD,scene_11,val
RSDD_04066,RSDD,scene_11,val
RSDD_04067,RSDD,scene_11,val
RSDD_04068,RSDD,scene_11,val
RSDD_04069,RSDD,scene_11,val
RSDD_04070,RSDD,scene_11,val
RSDD_04071,RSDD,scene_11,val
RSDD_04072,RSDD,scene_11,val
RSDD_04073,RSDD,scene_11,val
RSDD_04074,RSDD,scene_11,val
RSDD_04075,RSDD,scene_11,val
RSDD_04076,RSDD,scene_11,val
RSDD_04077,RSDD,scene_11,val
RSDD_04078,RSDD,scene_11,val
RSDD_04079,RSDD,scene_11,val
RSDD_04080,RSDD,scene_11,val
RSDD_04081,RSDD,scene_11,val
RSDD_04082,RSDD,scene_11,val
RSDD_04083,RSDD,scene_11,val
RSDD_04084,RSDD,scene_11,val
RSDD_04085,RSDD,scene_11,val
RSDD_04086,RSDD,scene_11,val
RSDD_04087,RSDD,scene_11,val
RSDD_04088,RSDD,scene_11,val
RSDD_04089,RSDD,scene_11,val
RSDD_04090,RSDD,scene_11,val
RSDD_04091,RSDD,scene_11,val
RSDD_04092,RSDD,scene_11,val
RSDD_04093,RSDD,scene_11,val
RSDD_04094,RSDD,scene_11,val
RSDD_04095,RSDD,scene_11,val
RSDD_04096,RSDD,scene_11,val
RSDD_04097,RSDD,scene_11,val
RSDD_04098,RSDD,scene_11,val
RSDD_04099,RSDD,scene_11,val
RSDD_04100,RSDD,scene_11,val
RSDD_04101,RSDD,scene_11,val
RSDD_04102,RSDD,scene_11,val
RSDD_04103,RSDD,scene_11,val
RSDD_04104,RSDD,scene_11,val
RSDD_04105,RSDD,scene_11,val
RSDD_04106,RSDD,scene_11,val
RSDD_04107,RSDD,scene_11,val
RSDD_04108,RSDD,scene_11,val
RSDD_04109,RSDD,scene_11,val
RSDD_04110,RSDD,scene_11,val
RSDD_04111,RSDD,scene_11,val
RSDD_04112,RSDD,scene_11,val
RSDD_04113,RSDD,scene_11,val
RSDD_04114,RSDD,scene_11,val
RSDD_04115,RSDD,scene_11,val
RSDD_04116,RSDD,scene_11,val
RSDD_04117,RSDD,scene_11,val
RSDD_04118,RSDD,scene_11,val
RSDD_04119,RSDD,scene_11,val
RSDD_04120,RSDD,scene_11,val
RSDD_04121,RSDD,scene_11,val
RSDD_04122,RSDD,scene_11,val
RSDD_04123,RSDD,scene_11,val
RSDD_04124,RSDD,scene_11,val
RSDD_04125,RSDD,scene_11,val
RSDD_04126,RSDD,scene_11,val
RSDD_04127,RSDD,scene_11,val
RSDD_04128,RSDD,scene_11,val
RSDD_04129,RSDD,scene_11,val
RSDD_04130,RSDD,scene_11,val
RSDD_04131,RSDD,scene_11,val
RSDD_04132,RSDD,scene_11,val
RSDD_04133,RSDD,scene_11,val
RSDD_04134,RSDD,scene_11,val
RSDD_04135,RSDD,scene_11,val
RSDD_04136,RSDD,scene_11,val
RSDD_04137,RSDD,scene_11,val
RSDD_04138,RSDD,scene_11,val
RSDD_04139,RSDD,scene_11,val
RSDD_04140,RSDD,scene_11,val
RSDD_04141,RSDD,scene_11,val
RSDD_04142,RSDD,scene_11,val
RSDD_04143,RSDD,scene_11,val
RSDD_04144,RSDD,scene_11,val
RSDD_04145,RSDD,scene_11,val
RSDD_04146,RSDD,scene_11,val
RSDD_04147,RSDD,scene_11,val
RSDD_04148,RSDD,scene_11,val
RSDD_04149,RSDD,scene_11,val
RSDD_04150,RSDD,scene_11,val
RSDD_04151,RSDD,scene_11,val
RSDD_04152,RSDD,scene_11,val
RSDD_04153,RSDD,scene_11,val
RSDD_04154,RSDD,scene_11,val
RSDD_04155,RSDD,scene_11,val
RSDD_04156,RSDD,scene_11,val
RSDD_04157,RSDD,scene_11,val
RSDD_04158,RSDD,scene_11,val
RSDD_04159,RSDD,scene_11,val
RSDD_04160,RSDD,scene_11,val
RSDD_04161,RSDD,scene_11,val
RSDD_04162,RSDD,scene_11,val
RSDD_04163,RSDD,scene_11,val
RSDD_04164,RSDD,scene_11,val
RSDD_04165,RSDD,scene_11,val
RSDD_04166,RSDD,scene_11,val
RSDD_04167,RSDD,scene_11,val
RSDD_04168,RSDD,scene_11,val
RSDD_04169,RSDD,scene_11,val
RSDD_04170,RSDD,scene_11,val
RSDD_04171,RSDD,scene_11,val
RSDD_04172,RSDD,scene_11,val
RSDD_04173,RSDD,scene_11,val
RSDD_04174,RSDD,scene_11,val
RSDD_04175,RSDD,scene_11,val
RSDD_04176,RSDD,scene_11,val
RSDD_04177,RSDD,scene_11,val
RSDD_04178,RSDD,scene_11,val
RSDD_04179,RSDD,scene_11,val
RSDD_04180,RSDD,scene_11,val
RSDD_04181,RSDD,scene_11,val
RSDD_04182,RSDD,scene_11,val
RSDD_04183,RSDD,scene_11,val
RSDD_04184,RSDD,scene_11,val
RSDD_04185,RSDD,scene_11,val
RSDD_04186,RSDD,scene_11,val
RSDD_04187,RSDD,scene_11,val
RSDD_04188,RSDD,scene_11,val
RSDD_04189,RSDD,scene_11,val
RSDD_04190,RSDD,scene_11,val
RSDD_04191,RSDD,scene_11,val
RSDD_04192,RSDD,scene_11,val
RSDD_04193,RSDD,scene_11,val
RSDD_04194,RSDD,scene_11,val
RSDD_04195,RSDD,scene_11,val
RSDD_04196,RSDD,scene_11,val
RSDD_04197,RSDD,scene_11,val
RSDD_04198,RSDD,scene_11,val
RSDD_04199,RSDD,scene_11,val
RSDD_04200,RSDD,scene_11,val
RSDD_04201,RSDD,scene_11,val
RSDD_04202,RSDD,scene_11,val
RSDD_04203,RSDD,scene_11,val
RSDD_04204,RSDD,scene_11,val
RSDD_04205,RSDD,scene_11,val
RSDD_04206,RSDD,scene_11,val
RSDD_04207,RSDD,scene_11,val
RSDD_04208,RSDD,scene_11,val
RSDD_04209,RSDD,scene_11,val
RSDD_04210,RSDD,scene_11,val
RSDD_04211,RSDD,scene_11,val
RSDD_04212,RSDD,scene_11,val
RSDD_04213,RSDD,scene_11,val
RSDD_04214,RSDD,scene_11,val
RSDD_04215,RSDD,scene_11,val
RSDD_04216,RSDD,scene_11,val
RSDD_04217,RSDD,scene_11,val
RSDD_04218,RSDD,scene_11,val
RSDD_04219,RSDD,scene_11,val
RSDD_04220,RSDD,scene_11,val
RSDD_04221,RSDD,scene_11,val
RSDD_04222,RSDD,scene_11,val
RSDD_04223,RSDD,scene_11,val
RSDD_04224,RSDD,scene_11,val
RSDD_04225,RSDD,scene_11,val
RSDD_04226,RSDD,scene_11,val
RSDD_04227,RSDD,scene_11,val
RSDD_04228,RSDD,scene_11,val
RSDD_04229,RSDD,scene_11,val
RSDD_04230,RSDD,scene_11,val
RSDD_04231,RSDD,scene_11,val
RSDD_04232,RSDD,scene_11,val
RSDD_04233,RSDD,scene_11,val
RSDD_04234,RSDD,scene_11,val
RSDD_04235,RSDD,scene_11,val
RSDD_04236,RSDD,scene_11,val
RSDD_04237,RSDD,scene_11,val
RSDD_04238,RSDD,scene_11,val
RSDD_04239,RSDD,scene_11,val
RSDD_04240,RSDD,scene_11,val
RSDD_04241,RSDD,scene_11,val
RSDD_04242,RSDD,scene_11,val
RSDD_04243,RSDD,scene_11,val
RSDD_04244,RSDD,scene_11,val
RSDD_04245,RSDD,scene_11,val
RSDD_04246,RSDD,scene_11,val
RSDD_04247,RSDD,scene_11,val
RSDD_04248,RSDD,scene_11,val
RSDD_04249,RSDD,scene_11,val
RSDD_04250,RSDD,scene_11,val
RSDD_04251,RSDD,scene_11,val
RSDD_04252,RSDD,scene_11,val
RSDD_04253,RSDD,scene_11,val
RSDD_04254,RSDD,scene_11,val
RSDD_04255,RSDD,scene_11,val
RSDD_04256,RSDD,scene_11,val
RSDD_04257,RSDD,scene_11,val
RSDD_04258,RSDD,scene_11,val
RSDD_04259,RSDD,scene_11,val
RSDD_04260,RSDD,scene_11,val
RSDD_04261,RSDD,scene_11,val
RSDD_04262,RSDD,scene_11,val
RSDD_04263,RSDD,scene_11,val
RSDD_04264,RSDD,scene_11,val
RSDD_04265,RSDD,scene_11,val
RSDD_04266,RSDD,scene_11,val
RSDD_04267,RSDD,scene_11,val
RSDD_04268,RSDD,scene_11,val
RSDD_04269,RSDD,scene_11,val
RSDD_04270,RSDD,scene_11,val
RSDD_04271,RSDD,scene_11,val
RSDD_04272,RSDD,scene_11,val
RSDD_04273,RSDD,scene_11,val
RSDD_04274,RSDD,scene_11,val
RSDD_04275,RSDD,scene_11,val
RSDD_04276,RSDD,scene_11,val
RSDD_04277,RSDD,scene_11,val
RSDD_04278,RSDD,scene_11,val
RSDD_04279,RSDD,scene_11,val
RSDD_04280,RSDD,scene_11,val
RSDD_04281,RSDD,scene_11,val
RSDD_04282,RSDD,scene_11,val
RSDD_04283,RSDD,scene_11,val
RSDD_04284,RSDD,scene_11,val
RSDD_04285,RSDD,scene_11,val
RSDD_04286,RSDD,scene_11,val
RSDD_04287,RSDD,scene_11,val
RSDD_04288,RSDD,scene_11,val
RSDD_04289,RSDD,scene_11,val
RSDD_04290,RSDD,scene_11,val
RSDD_04291,RSDD,scene_11,val
RSDD_04292,RSDD,scene_11,val
RSDD_04293,RSDD,scene_11,val
RSDD_04294,RSDD,scene_11,val
RSDD_04295,RSDD,scene_11,val
RSDD_04296,RSDD,scene_11,val
RSDD_04297,RSDD,scene_11,val
RSDD_04298,RSDD,scene_11,val
RSDD_04299,RSDD,scene_11,val
RSDD_04300,RSDD,scene_11,val
RSDD_04301,RSDD,scene_11,val
RSDD_04302,RSDD,scene_11,val
RSDD_04303,RSDD,scene_11,val
RSDD_04304,RSDD,scene_11,val
RSDD_04305,RSDD,scene_11,val
RSDD_04306,RSDD,scene_11,val
RSDD_04307,RSDD,scene_11,val
RSDD_04308,RSDD,scene_11,val
RSDD_04309,RSDD,scene_11,val
RSDD_04310,RSDD,scene_11,val
RSDD_04311,RSDD,scene_11,val
RSDD_04312,RSDD,scene_11,val
RSDD_04313,RSDD,scene_11,val
RSDD_04314,RSDD,scene_11,val
RSDD_04315,RSDD,scene_11,val
RSDD_04316,RSDD,scene_11,val
RSDD_04317,RSDD,scene_11,val
RSDD_04318,RSDD,scene_11,val
RSDD_04319,RSDD,scene_11,val
RSDD_04320,RSDD,scene_11,val
RSDD_04321,RSDD,scene_11,val
RSDD_04322,RSDD,scene_11,val
RSDD_04323,RSDD,scene_11,val
RSDD_04324,RSDD,scene_11,val
RSDD_04325,RSDD,scene_11,val
RSDD_04326,RSDD,scene_11,val
RSDD_04327,RSDD,scene_11,val
RSDD_04328,RSDD,scene_11,val
RSDD_04329,RSDD,scene_11,val
RSDD_04330,RSDD,scene_11,val
RSDD_04331,RSDD,scene_11,val
RSDD_04332,RSDD,scene_11,val
RSDD_04333,RSDD,scene_11,val
RSDD_04334,RSDD,scene_11,val
RSDD_04335,RSDD,scene_11,val
RSDD_04336,RSDD,scene_11,val
RSDD_04337,RSDD,scene_11,val
RSDD_04338,RSDD,scene_11,val
RSDD_04339,RSDD,scene_11,val
RSDD_04340,RSDD,scene_11,val
RSDD_04341,RSDD,scene_11,val
RSDD_04342,RSDD,scene_11,val
RSDD_04343,RSDD,scene_11,val
RSDD_04344,RSDD,scene_11,val
RSDD_04345,RSDD,scene_11,val
RSDD_04346,RSDD,scene_11,val
RSDD_04347,RSDD,scene_11,val
RSDD_04348,RSDD,scene_11,val
RSDD_04349,RSDD,scene_11,val
RSDD_04350,RSDD,scene_11,val
RSDD_04351,RSDD,scene_11,val
RSDD_04352,RSDD,scene_11,val
RSDD_04353,RSDD,scene_11,val
RSDD_04354,RSDD,scene_11,val
RSDD_04355,RSDD,scene_11,val
RSDD_04356,RSDD,scene_11,val
RSDD_04357,RSDD,scene_11,val
RSDD_04358,RSDD,scene_11,val
RSDD_04359,RSDD,scene_11,val
RSDD_04360,RSDD,scene_11,val
RSDD_04361,RSDD,scene_11,val
RSDD_04362,RSDD,scene_11,val
RSDD_04363,RSDD,scene_11,val
RSDD_04364,RSDD,scene_11,val
RSDD_04365,RSDD,scene_11,val
RSDD_04366,RSDD,scene_11,val
RSDD_04367,RSDD,scene_11,val
RSDD_04368,RSDD,scene_11,val
RSDD_04369,RSDD,scene_11,val
RSDD_04370,RSDD,scene_11,val
RSDD_04371,RSDD,scene_11,val
RSDD_04372,RSDD,scene_11,val
RSDD_04373,RSDD,scene_11,val
RSDD_04374,RSDD,scene_11,val
RSDD_04375,RSDD,scene_11,val
RSDD_04376,RSDD,scene_11,val
RSDD_04377,RSDD,scene_11,val
RSDD_04378,RSDD,scene_11,val
RSDD_04379,RSDD,scene_11,val
RSDD_04380,RSDD,scene_11,val
RSDD_04381,RSDD,scene_11,val
RSDD_04382,RSDD,scene_11,val
RSDD_04383,RSDD,scene_11,val
RSDD_04384,RSDD,scene_11,val
RSDD_04385,RSDD,scene_11,val
RSDD_04386,RSDD,scene_11,val
RSDD_04387,RSDD,scene_11,val
RSDD_04388,RSDD,scene_11,val
RSDD_04389,RSDD,scene_11,val
RSDD_04390,RSDD,scene_11,val
RSDD_04391,RSDD,scene_11,val
RSDD_04392,RSDD,scene_11,val
RSDD_04393,RSDD,scene_11,val
RSDD_04394,RSDD,scene_11,val
RSDD_04395,RSDD,scene_11,val
RSDD_04396,RSDD,scene_11,val
RSDD_04397,RSDD,scene_11,val
RSDD_04398,RSDD,scene_11,val
RSDD_04399,RSDD,scene_11,val
RSDD_04400,RSDD,scene_11,val
RSDD_04401,RSDD,scene_11,val
RSDD_04402,RSDD,scene_11,val
RSDD_04403,RSDD,scene_11,val
RSDD_04404,RSDD,scene_11,val
RSDD_04405,RSDD,scene_11,val
RSDD_04406,RSDD,scene_11,val
RSDD_04407,RSDD,scene_11,val
RSDD_04408,RSDD,scene_11,val
RSDD_04409,RSDD,scene_11,val
RSDD_04410,RSDD,scene_11,val
RSDD_04411,RSDD,scene_11,val
RSDD_04412,RSDD,scene_11,val
RSDD_04413,RSDD,scene_11,val
RSDD_04414,RSDD,scene_11,val
RSDD_04415,RSDD,scene_11,val
RSDD_04416,RSDD,scene_11,val
RSDD_04417,RSDD,scene_11,val
RSDD_04418,RSDD,scene_11,val
RSDD_04419,RSDD,scene_11,val
RSDD_04420,RSDD,scene_11,val
RSDD_04421,RSDD,scene_11,val
RSDD_04422,RSDD,scene_11,val
RSDD_04423,RSDD,scene_11,val
RSDD_04424,RSDD,scene_11,val
RSDD_04425,RSDD,scene_11,val
RSDD_04426,RSDD,scene_11,val
RSDD_04427,RSDD,scene_11,val
RSDD_04428,RSDD,scene_11,val
RSDD_04429,RSDD,scene_11,val
RSDD_04430,RSDD,scene_11,val
RSDD_04431,RSDD,scene_11,val
RSDD_04432,RSDD,scene_11,val
RSDD_04433,RSDD,scene_11,val
RSDD_04434,RSDD,scene_11,val
RSDD_04435,RSDD,scene_11,val
RSDD_04436,RSDD,scene_11,val
RSDD_04437,RSDD,scene_11,val
RSDD_04438,RSDD,scene_11,val
RSDD_04439,RSDD,scene_11,val
RSDD_04440,RSDD,scene_11,val
RSDD_04441,RSDD,scene_11,val
RSDD_04442,RSDD,scene_11,val
RSDD_04443,RSDD,scene_11,val
RSDD_04444,RSDD,scene_11,val
RSDD_04445,RSDD,scene_11,val
RSDD_04446,RSDD,scene_11,val
RSDD_04447,RSDD,scene_11,val
RSDD_04448,RSDD,scene_11,val
RSDD_04449,RSDD,scene_11,val
RSDD_04450,RSDD,scene_11,val
RSDD_04451,RSDD,scene_11,val
RSDD_04452,RSDD,scene_11,val
RSDD_04453,RSDD,scene_11,val
RSDD_04454,RSDD,scene_11,val
RSDD_04455,RSDD,scene_11,val
RSDD_04456,RSDD,scene_11,val
RSDD_04457,RSDD,scene_11,val
RSDD_04458,RSDD,scene_11,val
RSDD_04459,RSDD,scene_11,val
RSDD_04460,RSDD,scene_11,val
RSDD_04461,RSDD,scene_11,val
RSDD_04462,RSDD,scene_11,val
RSDD_04463,RSDD,scene_11,val
RSDD_04464,RSDD,scene_11,val
RSDD_04465,RSDD,scene_11,val
RSDD_04466,RSDD,scene_11,val
RSDD_04467,RSDD,scene_11,val
RSDD_04468,RSDD,scene_11,val
RSDD_04469,RSDD,scene_11,val
RSDD_04470,RSDD,scene_11,val
RSDD_04471,RSDD,scene_11,val
RSDD_04472,RSDD,scene_11,val
RSDD_04473,RSDD,scene_11,val
RSDD_04474,RSDD,scene_11,val
RSDD_04475,RSDD,scene_11,val
RSDD_04476,RSDD,scene_11,val
RSDD_04477,RSDD,scene_11,val
RSDD_04478,RSDD,scene_11,val
RSDD_04479,RSDD,scene_11,val
RSDD_04480,RSDD,scene_11,val
RSDD_04481,RSDD,scene_11,val
RSDD_04482,RSDD,scene_11,val
RSDD_04483,RSDD,scene_11,val
RSDD_04484,RSDD,scene_11,val
RSDD_04485,RSDD,scene_11,val
RSDD_04486,RSDD,scene_11,val
RSDD_04487,RSDD,scene_11,val
RSDD_04488,RSDD,scene_11,val
RSDD_04489,RSDD,scene_11,val
RSDD_04490,RSDD,scene_11,val
RSDD_04491,RSDD,scene_11,val
RSDD_04492,RSDD,scene_11,val
RSDD_04493,RSDD,scene_11,val
RSDD_04494,RSDD,scene_11,val
RSDD_04495,RSDD,scene_11,val
RSDD_04496,RSDD,scene_11,val
RSDD_04497,RSDD,scene_11,val
RSDD_04498,RSDD,scene_11,val
RSDD_04499,RSDD,scene_11,val
RSDD_04500,RSDD,scene_11,val
RSDD_04501,RSDD,scene_12,val
RSDD_04502,RSDD,scene_12,val
RSDD_04503,RSDD,scene_12,val
RSDD_04504,RSDD,scene_12,val
RSDD_04505,RSDD,scene_12,val
RSDD_04506,RSDD,scene_12,val
RSDD_04507,RSDD,scene_12,val
RSDD_04508,RSDD,scene_12,val
RSDD_04509,RSDD,scene_12,val
RSDD_04510,RSDD,scene_12,val
RSDD_04511,RSDD,scene_12,val
RSDD_04512,RSDD,scene_12,val
RSDD_04513,RSDD,scene_12,val
RSDD_04514,RSDD,scene_12,val
RSDD_04515,RSDD,scene_12,val
RSDD_04516,RSDD,scene_12,val
RSDD_04517,RSDD,scene_12,val
RSDD_04518,RSDD,scene_12,val
RSDD_04519,RSDD,scene_12,val
RSDD_04520,RSDD,scene_12,val
RSDD_04521,RSDD,scene_12,val
RSDD_04522,RSDD,scene_12,val
RSDD_04523,RSDD,scene_12,val
RSDD_04524,RSDD,scene_12,val
RSDD_04525,RSDD,scene_12,val
RSDD_04526,RSDD,scene_12,val
RSDD_04527,RSDD,scene_12,val
RSDD_04528,RSDD,scene_12,val
RSDD_04529,RSDD,scene_12,val
RSDD_04530,RSDD,scene_12,val
RSDD_04531,RSDD,scene_12,val
RSDD_04532,RSDD,scene_12,val
RSDD_04533,RSDD,scene_12,val
RSDD_04534,RSDD,scene_12,val
RSDD_04535,RSDD,scene_12,val
RSDD_04536,RSDD,scene_12,val
RSDD_04537,RSDD,scene_12,val
RSDD_04538,RSDD,scene_12,val
RSDD_04539,RSDD,scene_12,val
RSDD_04540,RSDD,scene_12,val
RSDD_04541,RSDD,scene_12,val
RSDD_04542,RSDD,scene_12,val
RSDD_04543,RSDD,scene_12,val
RSDD_04544,RSDD,scene_12,val
RSDD_04545,RSDD,scene_12,val
RSDD_04546,RSDD,scene_12,val
RSDD_04547,RSDD,scene_12,val
RSDD_04548,RSDD,scene_12,val
RSDD_04549,RSDD,scene_12,val
RSDD_04550,RSDD,scene_12,val
RSDD_04551,RSDD,scene_12,val
RSDD_04552,RSDD,scene_12,val
RSDD_04553,RSDD,scene_12,val
RSDD_04554,RSDD,scene_12,val
RSDD_04555,RSDD,scene_12,val
RSDD_04556,RSDD,scene_12,val
RSDD_04557,RSDD,scene_12,val
RSDD_04558,RSDD,scene_12,val
RSDD_04559,RSDD,scene_12,val
RSDD_04560,RSDD,scene_12,val
RSDD_04561,RSDD,scene_12,val
RSDD_04562,RSDD,scene_12,val
RSDD_04563,RSDD,scene_12,val
RSDD_04564,RSDD,scene_12,val
RSDD_04565,RSDD,scene_12,val
RSDD_04566,RSDD,scene_12,val
RSDD_04567,RSDD,scene_12,val
RSDD_04568,RSDD,scene_12,val
RSDD_04569,RSDD,scene_12,val
RSDD_04570,RSDD,scene_12,val
RSDD_04571,RSDD,scene_12,val
RSDD_04572,RSDD,scene_12,val
RSDD_04573,RSDD,scene_12,val
RSDD_04574,RSDD,scene_12,val
RSDD_04575,RSDD,scene_12,val
RSDD_04576,RSDD,scene_12,val
RSDD_04577,RSDD,scene_12,val
RSDD_04578,RSDD,scene_12,val
RSDD_04579,RSDD,scene_12,val
RSDD_04580,RSDD,scene_12,val
RSDD_04581,RSDD,scene_12,val
RSDD_04582,RSDD,scene_12,val
RSDD_04583,RSDD,scene_12,val
RSDD_04584,RSDD,scene_12,val
RSDD_04585,RSDD,scene_12,val
RSDD_04586,RSDD,scene_12,val
RSDD_04587,RSDD,scene_12,val
RSDD_04588,RSDD,scene_12,val
RSDD_04589,RSDD,scene_12,val
RSDD_04590,RSDD,scene_12,val
RSDD_04591,RSDD,scene_12,val
RSDD_04592,RSDD,scene_12,val
RSDD_04593,RSDD,scene_12,val
RSDD_04594,RSDD,scene_12,val
RSDD_04595,RSDD,scene_12,val
RSDD_04596,RSDD,scene_12,val
RSDD_04597,RSDD,scene_12,val
RSDD_04598,RSDD,scene_12,val
RSDD_04599,RSDD,scene_12,val
RSDD_04600,RSDD,scene_12,val
RSDD_04601,RSDD,scene_12,val
RSDD_04602,RSDD,scene_12,val
RSDD_04603,RSDD,scene_12,val
RSDD_04604,RSDD,scene_12,val
RSDD_04605,RSDD,scene_12,val
RSDD_04606,RSDD,scene_12,val
RSDD_04607,RSDD,scene_12,val
RSDD_04608,RSDD,scene_12,val
RSDD_04609,RSDD,scene_12,val
RSDD_04610,RSDD,scene_12,val
RSDD_04611,RSDD,scene_12,val
RSDD_04612,RSDD,scene_12,val
RSDD_04613,RSDD,scene_12,val
RSDD_04614,RSDD,scene_12,val
RSDD_04615,RSDD,scene_12,val
RSDD_04616,RSDD,scene_12,val
RSDD_04617,RSDD,scene_12,val
RSDD_04618,RSDD,scene_12,val
RSDD_04619,RSDD,scene_12,val
RSDD_04620,RSDD,scene_12,val
RSDD_04621,RSDD,scene_12,val
RSDD_04622,RSDD,scene_12,val
RSDD_04623,RSDD,scene_12,val
RSDD_04624,RSDD,scene_12,val
RSDD_04625,RSDD,scene_12,val
RSDD_04626,RSDD,scene_12,val
RSDD_04627,RSDD,scene_12,val
RSDD_04628,RSDD,scene_12,val
RSDD_04629,RSDD,scene_12,val
RSDD_04630,RSDD,scene_12,val
RSDD_04631,RSDD,scene_12,val
RSDD_04632,RSDD,scene_12,val
RSDD_04633,RSDD,scene_12,val
RSDD_04634,RSDD,scene_12,val
RSDD_04635,RSDD,scene_12,val
RSDD_04636,RSDD,scene_12,val
RSDD_04637,RSDD,scene_12,val
RSDD_04638,RSDD,scene_12,val
RSDD_04639,RSDD,scene_12,val
RSDD_04640,RSDD,scene_12,val
RSDD_04641,RSDD,scene_12,val
RSDD_04642,RSDD,scene_12,val
RSDD_04643,RSDD,scene_12,val
RSDD_04644,RSDD,scene_12,val
RSDD_04645,RSDD,scene_12,val
RSDD_04646,RSDD,scene_12,val
RSDD_04647,RSDD,scene_12,val
RSDD_04648,RSDD,scene_12,val
RSDD_04649,RSDD,scene_12,val
RSDD_04650,RSDD,scene_12,val
RSDD_04651,RSDD,scene_12,val
RSDD_04652,RSDD,scene_12,val
RSDD_04653,RSDD,scene_12,val
RSDD_04654,RSDD,scene_12,val
RSDD_04655,RSDD,scene_12,val
RSDD_04656,RSDD,scene_12,val
RSDD_04657,RSDD,scene_12,val
RSDD_04658,RSDD,scene_12,val
RSDD_04659,RSDD,scene_12,val
RSDD_04660,RSDD,scene_12,val
RSDD_04661,RSDD,scene_12,val
RSDD_04662,RSDD,scene_12,val
RSDD_04663,RSDD,scene_12,val
RSDD_04664,RSDD,scene_12,val
RSDD_04665,RSDD,scene_12,val
RSDD_04666,RSDD,scene_12,val
RSDD_04667,RSDD,scene_12,val
RSDD_04668,RSDD,scene_12,val
RSDD_04669,RSDD,scene_12,val
RSDD_04670,RSDD,scene_12,val
RSDD_04671,RSDD,scene_12,val
RSDD_04672,RSDD,scene_12,val
RSDD_04673,RSDD,scene_12,val
RSDD_04674,RSDD,scene_12,val
RSDD_04675,RSDD,scene_12,val
RSDD_04676,RSDD,scene_12,val
RSDD_04677,RSDD,scene_12,val
RSDD_04678,RSDD,scene_12,val
RSDD_04679,RSDD,scene_12,val
RSDD_04680,RSDD,scene_12,val
RSDD_04681,RSDD,scene_12,val
RSDD_04682,RSDD,scene_12,val
RSDD_04683,RSDD,scene_12,val
RSDD_04684,RSDD,scene_12,val
RSDD_04685,RSDD,scene_12,val
RSDD_04686,RSDD,scene_12,val
RSDD_04687,RSDD,scene_12,val
RSDD_04688,RSDD,scene_12,val
RSDD_04689,RSDD,scene_12,val
RSDD_04690,RSDD,scene_12,val
RSDD_04691,RSDD,scene_12,val
RSDD_04692,RSDD,scene_12,val
RSDD_04693,RSDD,scene_12,val
RSDD_04694,RSDD,scene_12,val
RSDD_04695,RSDD,scene_12,val
RSDD_04696,RSDD,scene_12,val
RSDD_04697,RSDD,scene_12,val
RSDD_04698,RSDD,scene_12,val
RSDD_04699,RSDD,scene_12,val
RSDD_04700,RSDD,scene_12,val
RSDD_04701,RSDD,scene_12,val
RSDD_04702,RSDD,scene_12,val
RSDD_04703,RSDD,scene_12,val
RSDD_04704,RSDD,scene_12,val
RSDD_04705,RSDD,scene_12,val
RSDD_04706,RSDD,scene_12,val
RSDD_04707,RSDD,scene_12,val
RSDD_04708,RSDD,scene_12,val
RSDD_04709,RSDD,scene_12,val
RSDD_04710,RSDD,scene_12,val
RSDD_04711,RSDD,scene_12,val
RSDD_04712,RSDD,scene_12,val
RSDD_04713,RSDD,scene_12,val
RSDD_04714,RSDD,scene_12,val
RSDD_04715,RSDD,scene_12,val
RSDD_04716,RSDD,scene_12,val
RSDD_04717,RSDD,scene_12,val
RSDD_04718,RSDD,scene_12,val
RSDD_04719,RSDD,scene_12,val
RSDD_04720,RSDD,scene_12,val
RSDD_04721,RSDD,scene_12,val
RSDD_04722,RSDD,scene_12,val
RSDD_04723,RSDD,scene_12,val
RSDD_04724,RSDD,scene_12,val
RSDD_04725,RSDD,scene_12,val
RSDD_04726,RSDD,scene_12,val
RSDD_04727,RSDD,scene_12,val
RSDD_04728,RSDD,scene_12,val
RSDD_04729,RSDD,scene_12,val
RSDD_04730,RSDD,scene_12,val
RSDD_04731,RSDD,scene_12,val
RSDD_04732,RSDD,scene_12,val
RSDD_04733,RSDD,scene_12,val
RSDD_04734,RSDD,scene_12,val
RSDD_04735,RSDD,scene_12,val
RSDD_04736,RSDD,scene_12,val
RSDD_04737,RSDD,scene_12,val
RSDD_04738,RSDD,scene_12,val
RSDD_04739,RSDD,scene_12,val
RSDD_04740,RSDD,scene_12,val
RSDD_04741,RSDD,scene_12,val
RSDD_04742,RSDD,scene_12,val
RSDD_04743,RSDD,scene_12,val
RSDD_04744,RSDD,scene_12,val
RSDD_04745,RSDD,scene_12,val
RSDD_04746,RSDD,scene_12,val
RSDD_04747,RSDD,scene_12,val
RSDD_04748,RSDD,scene_12,val
RSDD_04749,RSDD,scene_12,val
RSDD_04750,RSDD,scene_12,val
RSDD_04751,RSDD,scene_12,val
RSDD_04752,RSDD,scene_12,val
RSDD_04753,RSDD,scene_12,val
RSDD_04754,RSDD,scene_12,val
RSDD_04755,RSDD,scene_12,val
RSDD_04756,RSDD,scene_12,val
RSDD_04757,RSDD,scene_12,val
RSDD_04758,RSDD,scene_12,val
RSDD_04759,RSDD,scene_12,val
RSDD_04760,RSDD,scene_12,val
RSDD_04761,RSDD,scene_12,val
RSDD_04762,RSDD,scene_12,val
RSDD_04763,RSDD,scene_12,val
RSDD_04764,RSDD,scene_12,val
RSDD_04765,RSDD,scene_12,val
RSDD_04766,RSDD,scene_12,val
RSDD_04767,RSDD,scene_12,val
RSDD_04768,RSDD,scene_12,val
RSDD_04769,RSDD,scene_12,val
RSDD_04770,RSDD,scene_12,val
RSDD_04771,RSDD,scene_12,val
RSDD_04772,RSDD,scene_12,val
RSDD_04773,RSDD,scene_12,val
RSDD_04774,RSDD,scene_12,val
RSDD_04775,RSDD,scene_12,val
RSDD_04776,RSDD,scene_12,val
RSDD_04777,RSDD,scene_12,val
RSDD_04778,RSDD,scene_12,val
RSDD_04779,RSDD,scene_12,val
RSDD_04780,RSDD,scene_12,val
RSDD_04781,RSDD,scene_12,val
RSDD_04782,RSDD,scene_12,val
RSDD_04783,RSDD,scene_12,val
RSDD_04784,RSDD,scene_12,val
RSDD_04785,RSDD,scene_12,val
RSDD_04786,RSDD,scene_12,val
RSDD_04787,RSDD,scene_12,val
RSDD_04788,RSDD,scene_12,val
RSDD_04789,RSDD,scene_12,val
RSDD_04790,RSDD,scene_12,val
RSDD_04791,RSDD,scene_12,val
RSDD_04792,RSDD,scene_12,val
RSDD_04793,RSDD,scene_12,val
RSDD_04794,RSDD,scene_12,val
RSDD_04795,RSDD,scene_12,val
RSDD_04796,RSDD,scene_12,val
RSDD_04797,RSDD,scene_12,val
RSDD_04798,RSDD,scene_12,val
RSDD_04799,RSDD,scene_12,val
RSDD_04800,RSDD,scene_12,val
RSDD_04801,RSDD,scene_12,val
RSDD_04802,RSDD,scene_12,val
RSDD_04803,RSDD,scene_12,val
RSDD_04804,RSDD,scene_12,val
RSDD_04805,RSDD,scene_12,val
RSDD_04806,RSDD,scene_12,val
RSDD_04807,RSDD,scene_12,val
RSDD_04808,RSDD,scene_12,val
RSDD_04809,RSDD,scene_12,val
RSDD_04810,RSDD,scene_12,val
RSDD_04811,RSDD,scene_12,val
RSDD_04812,RSDD,scene_12,val
RSDD_04813,RSDD,scene_12,val
RSDD_04814,RSDD,scene_12,val
RSDD_04815,RSDD,scene_12,val
RSDD_04816,RSDD,scene_12,val
RSDD_04817,RSDD,scene_12,val
RSDD_04818,RSDD,scene_12,val
RSDD_04819,RSDD,scene_12,val
RSDD_04820,RSDD,scene_12,val
RSDD_04821,RSDD,scene_12,val
RSDD_04822,RSDD,scene_12,val
RSDD_04823,RSDD,scene_12,val
RSDD_04824,RSDD,scene_12,val
RSDD_04825,RSDD,scene_12,val
RSDD_04826,RSDD,scene_12,val
RSDD_04827,RSDD,scene_12,val
RSDD_04828,RSDD,scene_12,val
RSDD_04829,RSDD,scene_12,val
RSDD_04830,RSDD,scene_12,val
RSDD_04831,RSDD,scene_12,val
RSDD_04832,RSDD,scene_12,val
RSDD_04833,RSDD,scene_12,val
RSDD_04834,RSDD,scene_12,val
RSDD_04835,RSDD,scene_12,val
RSDD_04836,RSDD,scene_12,val
RSDD_04837,RSDD,scene_12,val
RSDD_04838,RSDD,scene_12,val
RSDD_04839,RSDD,scene_12,val
RSDD_04840,RSDD,scene_12,val
RSDD_04841,RSDD,scene_12,val
RSDD_04842,RSDD,scene_12,val
RSDD_04843,RSDD,scene_12,val
RSDD_04844,RSDD,scene_12,val
RSDD_04845,RSDD,scene_12,val
RSDD_04846,RSDD,scene_12,val
RSDD_04847,RSDD,scene_12,val
RSDD_04848,RSDD,scene_12,val
RSDD_04849,RSDD,scene_12,val
RSDD_04850,RSDD,scene_12,val
RSDD_04851,RSDD,scene_12,val
RSDD_04852,RSDD,scene_12,val
RSDD_04853,RSDD,scene_12,val
RSDD_04854,RSDD,scene_12,val
RSDD_04855,RSDD,scene_12,val
RSDD_04856,RSDD,scene_12,val
RSDD_04857,RSDD,scene_12,val
RSDD_04858,RSDD,scene_12,val
RSDD_04859,RSDD,scene_12,val
RSDD_04860,RSDD,scene_12,val
RSDD_04861,RSDD,scene_12,val
RSDD_04862,RSDD,scene_12,val
RSDD_04863,RSDD,scene_12,val
RSDD_04864,RSDD,scene_12,val
RSDD_04865,RSDD,scene_12,val
RSDD_04866,RSDD,scene_12,val
RSDD_04867,RSDD,scene_12,val
RSDD_04868,RSDD,scene_12,val
RSDD_04869,RSDD,scene_12,val
RSDD_04870,RSDD,scene_12,val
RSDD_04871,RSDD,scene_12,val
RSDD_04872,RSDD,scene_12,val
RSDD_04873,RSDD,scene_12,val
RSDD_04874,RSDD,scene_12,val
RSDD_04875,RSDD,scene_12,val
RSDD_04876,RSDD,scene_12,val
RSDD_04877,RSDD,scene_12,val
RSDD_04878,RSDD,scene_12,val
RSDD_04879,RSDD,scene_12,val
RSDD_04880,RSDD,scene_12,val
RSDD_04881,RSDD,scene_12,val
RSDD_04882,RSDD,scene_12,val
RSDD_04883,RSDD,scene_12,val
RSDD_04884,RSDD,scene_12,val
RSDD_04885,RSDD,scene_12,val
RSDD_04886,RSDD,scene_12,val
RSDD_04887,RSDD,scene_12,val
RSDD_04888,RSDD,scene_12,val
RSDD_04889,RSDD,scene_12,val
RSDD_04890,RSDD,scene_12,val
RSDD_04891,RSDD,scene_12,val
RSDD_04892,RSDD,scene_12,val
RSDD_04893,RSDD,scene_12,val
RSDD_04894,RSDD,scene_12,val
RSDD_04895,RSDD,scene_12,val
RSDD_04896,RSDD,scene_12,val
RSDD_04897,RSDD,scene_12,val
RSDD_04898,RSDD,scene_12,val
RSDD_04899,RSDD,scene_12,val
RSDD_04900,RSDD,scene_12,val
RSDD_04901,RSDD,scene_12,val
RSDD_04902,RSDD,scene_12,val
RSDD_04903,RSDD,scene_12,val
RSDD_04904,RSDD,scene_12,val
RSDD_04905,RSDD,scene_12,val
RSDD_04906,RSDD,scene_12,val
RSDD_04907,RSDD,scene_12,val
RSDD_04908,RSDD,scene_12,val
RSDD_04909,RSDD,scene_12,val
RSDD_04910,RSDD,scene_12,val
RSDD_04911,RSDD,scene_12,val
RSDD_04912,RSDD,scene_12,val
RSDD_04913,RSDD,scene_12,val
RSDD_04914,RSDD,scene_12,val
RSDD_04915,RSDD,scene_12,val
RSDD_04916,RSDD,scene_12,val
RSDD_04917,RSDD,scene_12,val
RSDD_04918,RSDD,scene_12,val
RSDD_04919,RSDD,scene_12,val
RSDD_04920,RSDD,scene_12,val
RSDD_04921,RSDD,scene_12,val
RSDD_04922,RSDD,scene_12,val
RSDD_04923,RSDD,scene_12,val
RSDD_04924,RSDD,scene_12,val
RSDD_04925,RSDD,scene_12,val
RSDD_04926,RSDD,scene_12,val
RSDD_04927,RSDD,scene_12,val
RSDD_04928,RSDD,scene_12,val
RSDD_04929,RSDD,scene_12,val
RSDD_04930,RSDD,scene_12,val
RSDD_04931,RSDD,scene_12,val
RSDD_04932,RSDD,scene_12,val
RSDD_04933,RSDD,scene_12,val
RSDD_04934,RSDD,scene_12,val
RSDD_04935,RSDD,scene_12,val
RSDD_04936,RSDD,scene_12,val
RSDD_04937,RSDD,scene_12,val
RSDD_04938,RSDD,scene_12,val
RSDD_04939,RSDD,scene_12,val
RSDD_04940,RSDD,scene_12,val
RSDD_04941,RSDD,scene_12,val
RSDD_04942,RSDD,scene_12,val
RSDD_04943,RSDD,scene_12,val
RSDD_04944,RSDD,scene_12,val
RSDD_04945,RSDD,scene_12,val
RSDD_04946,RSDD,scene_12,val
RSDD_04947,RSDD,scene_12,val
RSDD_04948,RSDD,scene_12,val
RSDD_04949,RSDD,scene_12,val
RSDD_04950,RSDD,scene_12,val
RSDD_04951,RSDD,scene_12,val
RSDD_04952,RSDD,scene_12,val
RSDD_04953,RSDD,scene_12,val
RSDD_04954,RSDD,scene_12,val
RSDD_04955,RSDD,scene_12,val
RSDD_04956,RSDD,scene_12,val
RSDD_04957,RSDD,scene_12,val
RSDD_04958,RSDD,scene_12,val
RSDD_04959,RSDD,scene_12,val
RSDD_04960,RSDD,scene_12,val
RSDD_04961,RSDD,scene_12,val
RSDD_04962,RSDD,scene_12,val
RSDD_04963,RSDD,scene_12,val
RSDD_04964,RSDD,scene_12,val
RSDD_04965,RSDD,scene_12,val
RSDD_04966,RSDD,scene_12,val
RSDD_04967,RSDD,scene_12,val
RSDD_04968,RSDD,scene_12,val
RSDD_04969,RSDD,scene_12,val
RSDD_04970,RSDD,scene_12,val
RSDD_04971,RSDD,scene_12,val
RSDD_04972,RSDD,scene_12,val
RSDD_04973,RSDD,scene_12,val
RSDD_04974,RSDD,scene_12,val
RSDD_04975,RSDD,scene_12,val
RSDD_04976,RSDD,scene_12,val
RSDD_04977,RSDD,scene_12,val
RSDD_04978,RSDD,scene_12,val
RSDD_04979,RSDD,scene_12,val
RSDD_04980,RSDD,scene_12,val
RSDD_04981,RSDD,scene_12,val
RSDD_04982,RSDD,scene_12,val
RSDD_04983,RSDD,scene_12,val
RSDD_04984,RSDD,scene_12,val
RSDD_04985,RSDD,scene_12,val
RSDD_04986,RSDD,scene_12,val
RSDD_04987,RSDD,scene_12,val
RSDD_04988,RSDD,scene_12,val
RSDD_04989,RSDD,scene_12,val
RSDD_04990,RSDD,scene_12,val
RSDD_04991,RSDD,scene_12,val
RSDD_04992,RSDD,scene_12,val
RSDD_04993,RSDD,scene_12,val
RSDD_04994,RSDD,scene_12,val
RSDD_04995,RSDD,scene_12,val
RSDD_04996,RSDD,scene_12,val
RSDD_04997,RSDD,scene_12,val
RSDD_04998,RSDD,scene_12,val
RSDD_04999,RSDD,scene_12,val
RSDD_05000,RSDD,scene_12,val
RSDD_05001,RSDD,scene_13,test
RSDD_05002,RSDD,scene_13,test
RSDD_05003,RSDD,scene_13,test
RSDD_05004,RSDD,scene_13,test
RSDD_05005,RSDD,scene_13,test
RSDD_05006,RSDD,scene_13,test
RSDD_05007,RSDD,scene_13,test
RSDD_05008,RSDD,scene_13,test
RSDD_05009,RSDD,scene_13,test
RSDD_05010,RSDD,scene_13,test
RSDD_05011,RSDD,scene_13,test
RSDD_05012,RSDD,scene_13,test
RSDD_05013,RSDD,scene_13,test
RSDD_05014,RSDD,scene_13,test
RSDD_05015,RSDD,scene_13,test
RSDD_05016,RSDD,scene_13,test
RSDD_05017,RSDD,scene_13,test
RSDD_05018,RSDD,scene_13,test
RSDD_05019,RSDD,scene_13,test
RSDD_05020,RSDD,scene_13,test
RSDD_05021,RSDD,scene_13,test
RSDD_05022,RSDD,scene_13,test
RSDD_05023,RSDD,scene_13,test
RSDD_05024,RSDD,scene_13,test
RSDD_05025,RSDD,scene_13,test
RSDD_05026,RSDD,scene_13,test
RSDD_05027,RSDD,scene_13,test
RSDD_05028,RSDD,scene_13,test
RSDD_05029,RSDD,scene_13,test
RSDD_05030,RSDD,scene_13,test
RSDD_05031,RSDD,scene_13,test
RSDD_05032,RSDD,scene_13,test
RSDD_05033,RSDD,scene_13,test
RSDD_05034,RSDD,scene_13,test
RSDD_05035,RSDD,scene_13,test
RSDD_05036,RSDD,scene_13,test
RSDD_05037,RSDD,scene_13,test
RSDD_05038,RSDD,scene_13,test
RSDD_05039,RSDD,scene_13,test
RSDD_05040,RSDD,scene_13,test
RSDD_05041,RSDD,scene_13,test
RSDD_05042,RSDD,scene_13,test
RSDD_05043,RSDD,scene_13,test
RSDD_05044,RSDD,scene_13,test
RSDD_05045,RSDD,scene_13,test
RSDD_05046,RSDD,scene_13,test
RSDD_05047,RSDD,scene_13,test
RSDD_05048,RSDD,scene_13,test
RSDD_05049,RSDD,scene_13,test
RSDD_05050,RSDD,scene_13,test
RSDD_05051,RSDD,scene_13,test
RSDD_05052,RSDD,scene_13,test
RSDD_05053,RSDD,scene_13,test
RSDD_05054,RSDD,scene_13,test
RSDD_05055,RSDD,scene_13,test
RSDD_05056,RSDD,scene_13,test
RSDD_05057,RSDD,scene_13,test
RSDD_05058,RSDD,scene_13,test
RSDD_05059,RSDD,scene_13,test
RSDD_05060,RSDD,scene_13,test
RSDD_05061,RSDD,scene_13,test
RSDD_05062,RSDD,scene_13,test
RSDD_05063,RSDD,scene_13,test
RSDD_05064,RSDD,scene_13,test
RSDD_05065,RSDD,scene_13,test
RSDD_05066,RSDD,scene_13,test
RSDD_05067,RSDD,scene_13,test
RSDD_05068,RSDD,scene_13,test
RSDD_05069,RSDD,scene_13,test
RSDD_05070,RSDD,scene_13,test
RSDD_05071,RSDD,scene_13,test
RSDD_05072,RSDD,scene_13,test
RSDD_05073,RSDD,scene_13,test
RSDD_05074,RSDD,scene_13,test
RSDD_05075,RSDD,scene_13,test
RSDD_05076,RSDD,scene_13,test
RSDD_05077,RSDD,scene_13,test
RSDD_05078,RSDD,scene_13,test
RSDD_05079,RSDD,scene_13,test
RSDD_05080,RSDD,scene_13,test
RSDD_05081,RSDD,scene_13,test
RSDD_05082,RSDD,scene_13,test
RSDD_05083,RSDD,scene_13,test
RSDD_05084,RSDD,scene_13,test
RSDD_05085,RSDD,scene_13,test
RSDD_05086,RSDD,scene_13,test
RSDD_05087,RSDD,scene_13,test
RSDD_05088,RSDD,scene_13,test
RSDD_05089,RSDD,scene_13,test
RSDD_05090,RSDD,scene_13,test
RSDD_05091,RSDD,scene_13,test
RSDD_05092,RSDD,scene_13,test
RSDD_05093,RSDD,scene_13,test
RSDD_05094,RSDD,scene_13,test
RSDD_05095,RSDD,scene_13,test
RSDD_05096,RSDD,scene_13,test
RSDD_05097,RSDD,scene_13,test
RSDD_05098,RSDD,scene_13,test
RSDD_05099,RSDD,scene_13,test
RSDD_05100,RSDD,scene_13,test
RSDD_05101,RSDD,scene_13,test
RSDD_05102,RSDD,scene_13,test
RSDD_05103,RSDD,scene_13,test
RSDD_05104,RSDD,scene_13,test
RSDD_05105,RSDD,scene_13,test
RSDD_05106,RSDD,scene_13,test
RSDD_05107,RSDD,scene_13,test
RSDD_05108,RSDD,scene_13,test
RSDD_05109,RSDD,scene_13,test
RSDD_05110,RSDD,scene_13,test
RSDD_05111,RSDD,scene_13,test
RSDD_05112,RSDD,scene_13,test
RSDD_05113,RSDD,scene_13,test
RSDD_05114,RSDD,scene_13,test
RSDD_05115,RSDD,scene_13,test
RSDD_05116,RSDD,scene_13,test
RSDD_05117,RSDD,scene_13,test
RSDD_05118,RSDD,scene_13,test
RSDD_05119,RSDD,scene_13,test
RSDD_05120,RSDD,scene_13,test
RSDD_05121,RSDD,scene_13,test
RSDD_05122,RSDD,scene_13,test
RSDD_05123,RSDD,scene_13,test
RSDD_05124,RSDD,scene_13,test
RSDD_05125,RSDD,scene_13,test
RSDD_05126,RSDD,scene_13,test
RSDD_05127,RSDD,scene_13,test
RSDD_05128,RSDD,scene_13,test
RSDD_05129,RSDD,scene_13,test
RSDD_05130,RSDD,scene_13,test
RSDD_05131,RSDD,scene_13,test
RSDD_05132,RSDD,scene_13,test
RSDD_05133,RSDD,scene_13,test
RSDD_05134,RSDD,scene_13,test
RSDD_05135,RSDD,scene_13,test
RSDD_05136,RSDD,scene_13,test
RSDD_05137,RSDD,scene_13,test
RSDD_05138,RSDD,scene_13,test
RSDD_05139,RSDD,scene_13,test
RSDD_05140,RSDD,scene_13,test
RSDD_05141,RSDD,scene_13,test
RSDD_05142,RSDD,scene_13,test
RSDD_05143,RSDD,scene_13,test
RSDD_05144,RSDD,scene_13,test
RSDD_05145,RSDD,scene_13,test
RSDD_05146,RSDD,scene_13,test
RSDD_05147,RSDD,scene_13,test
RSDD_05148,RSDD,scene_13,test
RSDD_05149,RSDD,scene_13,test
RSDD_05150,RSDD,scene_13,test
RSDD_05151,RSDD,scene_13,test
RSDD_05152,RSDD,scene_13,test
RSDD_05153,RSDD,scene_13,test
RSDD_05154,RSDD,scene_13,test
RSDD_05155,RSDD,scene_13,test
RSDD_05156,RSDD,scene_13,test
RSDD_05157,RSDD,scene_13,test
RSDD_05158,RSDD,scene_13,test
RSDD_05159,RSDD,scene_13,test
RSDD_05160,RSDD,scene_13,test
RSDD_05161,RSDD,scene_13,test
RSDD_05162,RSDD,scene_13,test
RSDD_05163,RSDD,scene_13,test
RSDD_05164,RSDD,scene_13,test
RSDD_05165,RSDD,scene_13,test
RSDD_05166,RSDD,scene_13,test
RSDD_05167,RSDD,scene_13,test
RSDD_05168,RSDD,scene_13,test
RSDD_05169,RSDD,scene_13,test
RSDD_05170,RSDD,scene_13,test
RSDD_05171,RSDD,scene_13,test
RSDD_05172,RSDD,scene_13,test
RSDD_05173,RSDD,scene_13,test
RSDD_05174,RSDD,scene_13,test
RSDD_05175,RSDD,scene_13,test
RSDD_05176,RSDD,scene_13,test
RSDD_05177,RSDD,scene_13,test
RSDD_05178,RSDD,scene_13,test
RSDD_05179,RSDD,scene_13,test
RSDD_05180,RSDD,scene_13,test
RSDD_05181,RSDD,scene_13,test
RSDD_05182,RSDD,scene_13,test
RSDD_05183,RSDD,scene_13,test
RSDD_05184,RSDD,scene_13,test
RSDD_05185,RSDD,scene_13,test
RSDD_05186,RSDD,scene_13,test
RSDD_05187,RSDD,scene_13,test
RSDD_05188,RSDD,scene_13,test
RSDD_05189,RSDD,scene_13,test
RSDD_05190,RSDD,scene_13,test
RSDD_05191,RSDD,scene_13,test
RSDD_05192,RSDD,scene_13,test
RSDD_05193,RSDD,scene_13,test
RSDD_05194,RSDD,scene_13,test
RSDD_05195,RSDD,scene_13,test
RSDD_05196,RSDD,scene_13,test
RSDD_05197,RSDD,scene_13,test
RSDD_05198,RSDD,scene_13,test
RSDD_05199,RSDD,scene_13,test
RSDD_05200,RSDD,scene_13,test
RSDD_05201,RSDD,scene_13,test
RSDD_05202,RSDD,scene_13,test
RSDD_05203,RSDD,scene_13,test
RSDD_05204,RSDD,scene_13,test
RSDD_05205,RSDD,scene_13,test
RSDD_05206,RSDD,scene_13,test
RSDD_05207,RSDD,scene_13,test
RSDD_05208,RSDD,scene_13,test
RSDD_05209,RSDD,scene_13,test
RSDD_05210,RSDD,scene_13,test
RSDD_05211,RSDD,scene_13,test
RSDD_05212,RSDD,scene_13,test
RSDD_05213,RSDD,scene_13,test
RSDD_05214,RSDD,scene_13,test
RSDD_05215,RSDD,scene_13,test
RSDD_05216,RSDD,scene_13,test
RSDD_05217,RSDD,scene_13,test
RSDD_05218,RSDD,scene_13,test
RSDD_05219,RSDD,scene_13,test
RSDD_05220,RSDD,scene_13,test
RSDD_05221,RSDD,scene_13,test
RSDD_05222,RSDD,scene_13,test
RSDD_05223,RSDD,scene_13,test
RSDD_05224,RSDD,scene_13,test
RSDD_05225,RSDD,scene_13,test
RSDD_05226,RSDD,scene_13,test
RSDD_05227,RSDD,scene_13,test
RSDD_05228,RSDD,scene_13,test
RSDD_05229,RSDD,scene_13,test
RSDD_05230,RSDD,scene_13,test
RSDD_05231,RSDD,scene_13,test
RSDD_05232,RSDD,scene_13,test
RSDD_05233,RSDD,scene_13,test
RSDD_05234,RSDD,scene_13,test
RSDD_05235,RSDD,scene_13,test
RSDD_05236,RSDD,scene_13,test
RSDD_05237,RSDD,scene_13,test
RSDD_05238,RSDD,scene_13,test
RSDD_05239,RSDD,scene_13,test
RSDD_05240,RSDD,scene_13,test
RSDD_05241,RSDD,scene_13,test
RSDD_05242,RSDD,scene_13,test
RSDD_05243,RSDD,scene_13,test
RSDD_05244,RSDD,scene_13,test
RSDD_05245,RSDD,scene_13,test
RSDD_05246,RSDD,scene_13,test
RSDD_05247,RSDD,scene_13,test
RSDD_05248,RSDD,scene_13,test
RSDD_05249,RSDD,scene_13,test
RSDD_05250,RSDD,scene_13,test
RSDD_05251,RSDD,scene_13,test
RSDD_05252,RSDD,scene_13,test
RSDD_05253,RSDD,scene_13,test
RSDD_05254,RSDD,scene_13,test
RSDD_05255,RSDD,scene_13,test
RSDD_05256,RSDD,scene_13,test
RSDD_05257,RSDD,scene_13,test
RSDD_05258,RSDD,scene_13,test
RSDD_05259,RSDD,scene_13,test
RSDD_05260,RSDD,scene_13,test
RSDD_05261,RSDD,scene_13,test
RSDD_05262,RSDD,scene_13,test
RSDD_05263,RSDD,scene_13,test
RSDD_05264,RSDD,scene_13,test
RSDD_05265,RSDD,scene_13,test
RSDD_05266,RSDD,scene_13,test
RSDD_05267,RSDD,scene_13,test
RSDD_05268,RSDD,scene_13,test
RSDD_05269,RSDD,scene_13,test
RSDD_05270,RSDD,scene_13,test
RSDD_05271,RSDD,scene_13,test
RSDD_05272,RSDD,scene_13,test
RSDD_05273,RSDD,scene_13,test
RSDD_05274,RSDD,scene_13,test
RSDD_05275,RSDD,scene_13,test
RSDD_05276,RSDD,scene_13,test
RSDD_05277,RSDD,scene_13,test
RSDD_05278,RSDD,scene_13,test
RSDD_05279,RSDD,scene_13,test
RSDD_05280,RSDD,scene_13,test
RSDD_05281,RSDD,scene_13,test
RSDD_05282,RSDD,scene_13,test
RSDD_05283,RSDD,scene_13,test
RSDD_05284,RSDD,scene_13,test
RSDD_05285,RSDD,scene_13,test
RSDD_05286,RSDD,scene_13,test
RSDD_05287,RSDD,scene_13,test
RSDD_05288,RSDD,scene_13,test
RSDD_05289,RSDD,scene_13,test
RSDD_05290,RSDD,scene_13,test
RSDD_05291,RSDD,scene_13,test
RSDD_05292,RSDD,scene_13,test
RSDD_05293,RSDD,scene_13,test
RSDD_05294,RSDD,scene_13,test
RSDD_05295,RSDD,scene_13,test
RSDD_05296,RSDD,scene_13,test
RSDD_05297,RSDD,scene_13,test
RSDD_05298,RSDD,scene_13,test
RSDD_05299,RSDD,scene_13,test
RSDD_05300,RSDD,scene_13,test
RSDD_05301,RSDD,scene_13,test
RSDD_05302,RSDD,scene_13,test
RSDD_05303,RSDD,scene_13,test
RSDD_05304,RSDD,scene_13,test
RSDD_05305,RSDD,scene_13,test
RSDD_05306,RSDD,scene_13,test
RSDD_05307,RSDD,scene_13,test
RSDD_05308,RSDD,scene_13,test
RSDD_05309,RSDD,scene_13,test
RSDD_05310,RSDD,scene_13,test
RSDD_05311,RSDD,scene_13,test
RSDD_05312,RSDD,scene_13,test
RSDD_05313,RSDD,scene_13,test
RSDD_05314,RSDD,scene_13,test
RSDD_05315,RSDD,scene_13,test
RSDD_05316,RSDD,scene_13,test
RSDD_05317,RSDD,scene_13,test
RSDD_05318,RSDD,scene_13,test
RSDD_05319,RSDD,scene_13,test
RSDD_05320,RSDD,scene_13,test
RSDD_05321,RSDD,scene_13,test
RSDD_05322,RSDD,scene_13,test
RSDD_05323,RSDD,scene_13,test
RSDD_05324,RSDD,scene_13,test
RSDD_05325,RSDD,scene_13,test
RSDD_05326,RSDD,scene_13,test
RSDD_05327,RSDD,scene_13,test
RSDD_05328,RSDD,scene_13,test
RSDD_05329,RSDD,scene_13,test
RSDD_05330,RSDD,scene_13,test
RSDD_05331,RSDD,scene_13,test
RSDD_05332,RSDD,scene_13,test
RSDD_05333,RSDD,scene_13,test
RSDD_05334,RSDD,scene_13,test
RSDD_05335,RSDD,scene_13,test
RSDD_05336,RSDD,scene_13,test
RSDD_05337,RSDD,scene_13,test
RSDD_05338,RSDD,scene_13,test
RSDD_05339,RSDD,scene_13,test
RSDD_05340,RSDD,scene_13,test
RSDD_05341,RSDD,scene_13,test
RSDD_05342,RSDD,scene_13,test
RSDD_05343,RSDD,scene_13,test
RSDD_05344,RSDD,scene_13,test
RSDD_05345,RSDD,scene_13,test
RSDD_05346,RSDD,scene_13,test
RSDD_05347,RSDD,scene_13,test
RSDD_05348,RSDD,scene_13,test
RSDD_05349,RSDD,scene_13,test
RSDD_05350,RSDD,scene_13,test
RSDD_05351,RSDD,scene_13,test
RSDD_05352,RSDD,scene_13,test
RSDD_05353,RSDD,scene_13,test
RSDD_05354,RSDD,scene_13,test
RSDD_05355,RSDD,scene_13,test
RSDD_05356,RSDD,scene_13,test
RSDD_05357,RSDD,scene_13,test
RSDD_05358,RSDD,scene_13,test
RSDD_05359,RSDD,scene_13,test
RSDD_05360,RSDD,scene_13,test
RSDD_05361,RSDD,scene_13,test
RSDD_05362,RSDD,scene_13,test
RSDD_05363,RSDD,scene_13,test
RSDD_05364,RSDD,scene_13,test
RSDD_05365,RSDD,scene_13,test
RSDD_05366,RSDD,scene_13,test
RSDD_05367,RSDD,scene_13,test
RSDD_05368,RSDD,scene_13,test
RSDD_05369,RSDD,scene_13,test
RSDD_05370,RSDD,scene_13,test
RSDD_05371,RSDD,scene_13,test
RSDD_05372,RSDD,scene_13,test
RSDD_05373,RSDD,scene_13,test
RSDD_05374,RSDD,scene_13,test
RSDD_05375,RSDD,scene_13,test
RSDD_05376,RSDD,scene_13,test
RSDD_05377,RSDD,scene_13,test
RSDD_05378,RSDD,scene_13,test
RSDD_05379,RSDD,scene_13,test
RSDD_05380,RSDD,scene_13,test
RSDD_05381,RSDD,scene_13,test
RSDD_05382,RSDD,scene_13,test
RSDD_05383,RSDD,scene_13,test
RSDD_05384,RSDD,scene_13,test
RSDD_05385,RSDD,scene_13,test
RSDD_05386,RSDD,scene_13,test
RSDD_05387,RSDD,scene_13,test
RSDD_05388,RSDD,scene_13,test
RSDD_05389,RSDD,scene_13,test
RSDD_05390,RSDD,scene_13,test
RSDD_05391,RSDD,scene_13,test
RSDD_05392,RSDD,scene_13,test
RSDD_05393,RSDD,scene_13,test
RSDD_05394,RSDD,scene_13,test
RSDD_05395,RSDD,scene_13,test
RSDD_05396,RSDD,scene_13,test
RSDD_05397,RSDD,scene_13,test
RSDD_05398,RSDD,scene_13,test
RSDD_05399,RSDD,scene_13,test
RSDD_05400,RSDD,scene_13,test
RSDD_05401,RSDD,scene_13,test
RSDD_05402,RSDD,scene_13,test
RSDD_05403,RSDD,scene_13,test
RSDD_05404,RSDD,scene_13,test
RSDD_05405,RSDD,scene_13,test
RSDD_05406,RSDD,scene_13,test
RSDD_05407,RSDD,scene_13,test
RSDD_05408,RSDD,scene_13,test
RSDD_05409,RSDD,scene_13,test
RSDD_05410,RSDD,scene_13,test
RSDD_05411,RSDD,scene_13,test
RSDD_05412,RSDD,scene_13,test
RSDD_05413,RSDD,scene_13,test
RSDD_05414,RSDD,scene_13,test
RSDD_05415,RSDD,scene_13,test
RSDD_05416,RSDD,scene_13,test
RSDD_05417,RSDD,scene_13,test
RSDD_05418,RSDD,scene_13,test
RSDD_05419,RSDD,scene_13,test
RSDD_05420,RSDD,scene_13,test
RSDD_05421,RSDD,scene_13,test
RSDD_05422,RSDD,scene_13,test
RSDD_05423,RSDD,scene_13,test
RSDD_05424,RSDD,scene_13,test
RSDD_05425,RSDD,scene_13,test
RSDD_05426,RSDD,scene_13,test
RSDD_05427,RSDD,scene_13,test
RSDD_05428,RSDD,scene_13,test
RSDD_05429,RSDD,scene_13,test
RSDD_05430,RSDD,scene_13,test
RSDD_05431,RSDD,scene_13,test
RSDD_05432,RSDD,scene_13,test
RSDD_05433,RSDD,scene_13,test
RSDD_05434,RSDD,scene_13,test
RSDD_05435,RSDD,scene_13,test
RSDD_05436,RSDD,scene_13,test
RSDD_05437,RSDD,scene_13,test
RSDD_05438,RSDD,scene_13,test
RSDD_05439,RSDD,scene_13,test
RSDD_05440,RSDD,scene_13,test
RSDD_05441,RSDD,scene_13,test
RSDD_05442,RSDD,scene_13,test
RSDD_05443,RSDD,scene_13,test
RSDD_05444,RSDD,scene_13,test
RSDD_05445,RSDD,scene_13,test
RSDD_05446,RSDD,scene_13,test
RSDD_05447,RSDD,scene_13,test
RSDD_05448,RSDD,scene_13,test
RSDD_05449,RSDD,scene_13,test
RSDD_05450,RSDD,scene_13,test
RSDD_05451,RSDD,scene_13,test
RSDD_05452,RSDD,scene_13,test
RSDD_05453,RSDD,scene_13,test
RSDD_05454,RSDD,scene_13,test
RSDD_05455,RSDD,scene_13,test
RSDD_05456,RSDD,scene_13,test
RSDD_05457,RSDD,scene_13,test
RSDD_05458,RSDD,scene_13,test
RSDD_05459,RSDD,scene_13,test
RSDD_05460,RSDD,scene_13,test
RSDD_05461,RSDD,scene_13,test
RSDD_05462,RSDD,scene_13,test
RSDD_05463,RSDD,scene_13,test
RSDD_05464,RSDD,scene_13,test
RSDD_05465,RSDD,scene_13,test
RSDD_05466,RSDD,scene_13,test
RSDD_05467,RSDD,scene_13,test
RSDD_05468,RSDD,scene_13,test
RSDD_05469,RSDD,scene_13,test
RSDD_05470,RSDD,scene_13,test
RSDD_05471,RSDD,scene_13,test
RSDD_05472,RSDD,scene_13,test
RSDD_05473,RSDD,scene_13,test
RSDD_05474,RSDD,scene_13,test
RSDD_05475,RSDD,scene_13,test
RSDD_05476,RSDD,scene_13,test
RSDD_05477,RSDD,scene_13,test
RSDD_05478,RSDD,scene_13,test
RSDD_05479,RSDD,scene_13,test
RSDD_05480,RSDD,scene_13,test
RSDD_05481,RSDD,scene_13,test
RSDD_05482,RSDD,scene_13,test
RSDD_05483,RSDD,scene_13,test
RSDD_05484,RSDD,scene_13,test
RSDD_05485,RSDD,scene_13,test
RSDD_05486,RSDD,scene_13,test
RSDD_05487,RSDD,scene_13,test
RSDD_05488,RSDD,scene_13,test
RSDD_05489,RSDD,scene_13,test
RSDD_05490,RSDD,scene_13,test
RSDD_05491,RSDD,scene_13,test
RSDD_05492,RSDD,scene_13,test
RSDD_05493,RSDD,scene_13,test
RSDD_05494,RSDD,scene_13,test
RSDD_05495,RSDD,scene_13,test
RSDD_05496,RSDD,scene_13,test
RSDD_05497,RSDD,scene_13,test
RSDD_05498,RSDD,scene_13,test
RSDD_05499,RSDD,scene_13,test
RSDD_05500,RSDD,scene_13,test
RSDD_05501,RSDD,scene_13,test
RSDD_05502,RSDD,scene_13,test
RSDD_05503,RSDD,scene_13,test
RSDD_05504,RSDD,scene_13,test
RSDD_05505,RSDD,scene_13,test
RSDD_05506,RSDD,scene_13,test
RSDD_05507,RSDD,scene_13,test
RSDD_05508,RSDD,scene_13,test
RSDD_05509,RSDD,scene_13,test
RSDD_05510,RSDD,scene_13,test
RSDD_05511,RSDD,scene_13,test
RSDD_05512,RSDD,scene_13,test
RSDD_05513,RSDD,scene_13,test
RSDD_05514,RSDD,scene_13,test
RSDD_05515,RSDD,scene_13,test
RSDD_05516,RSDD,scene_13,test
RSDD_05517,RSDD,scene_13,test
RSDD_05518,RSDD,scene_13,test
RSDD_05519,RSDD,scene_13,test
RSDD_05520,RSDD,scene_13,test
RSDD_05521,RSDD,scene_13,test
RSDD_05522,RSDD,scene_13,test
RSDD_05523,RSDD,scene_13,test
RSDD_05524,RSDD,scene_13,test
RSDD_05525,RSDD,scene_13,test
RSDD_05526,RSDD,scene_13,test
RSDD_05527,RSDD,scene_13,test
RSDD_05528,RSDD,scene_13,test
RSDD_05529,RSDD,scene_13,test
RSDD_05530,RSDD,scene_13,test
RSDD_05531,RSDD,scene_13,test
RSDD_05532,RSDD,scene_13,test
RSDD_05533,RSDD,scene_13,test
RSDD_05534,RSDD,scene_13,test
RSDD_05535,RSDD,scene_13,test
RSDD_05536,RSDD,scene_13,test
RSDD_05537,RSDD,scene_13,test
RSDD_05538,RSDD,scene_13,test
RSDD_05539,RSDD,scene_13,test
RSDD_05540,RSDD,scene_13,test
RSDD_05541,RSDD,scene_13,test
RSDD_05542,RSDD,scene_13,test
RSDD_05543,RSDD,scene_13,test
RSDD_05544,RSDD,scene_13,test
RSDD_05545,RSDD,scene_13,test
RSDD_05546,RSDD,scene_13,test
RSDD_05547,RSDD,scene_13,test
RSDD_05548,RSDD,scene_13,test
RSDD_05549,RSDD,scene_13,test
RSDD_05550,RSDD,scene_13,test
RSDD_05551,RSDD,scene_13,test
RSDD_05552,RSDD,scene_13,test
RSDD_05553,RSDD,scene_13,test
RSDD_05554,RSDD,scene_13,test
RSDD_05555,RSDD,scene_13,test
RSDD_05556,RSDD,scene_13,test
RSDD_05557,RSDD,scene_13,test
RSDD_05558,RSDD,scene_13,test
RSDD_05559,RSDD,scene_13,test
RSDD_05560,RSDD,scene_13,test
RSDD_05561,RSDD,scene_13,test
RSDD_05562,RSDD,scene_13,test
RSDD_05563,RSDD,scene_13,test
RSDD_05564,RSDD,scene_13,test
RSDD_05565,RSDD,scene_13,test
RSDD_05566,RSDD,scene_13,test
RSDD_05567,RSDD,scene_13,test
RSDD_05568,RSDD,scene_13,test
RSDD_05569,RSDD,scene_13,test
RSDD_05570,RSDD,scene_13,test
RSDD_05571,RSDD,scene_13,test
RSDD_05572,RSDD,scene_13,test
RSDD_05573,RSDD,scene_13,test
RSDD_05574,RSDD,scene_13,test
RSDD_05575,RSDD,scene_13,test
RSDD_05576,RSDD,scene_13,test
RSDD_05577,RSDD,scene_13,test
RSDD_05578,RSDD,scene_13,test
RSDD_05579,RSDD,scene_13,test
RSDD_05580,RSDD,scene_13,test
RSDD_05581,RSDD,scene_13,test
RSDD_05582,RSDD,scene_13,test
RSDD_05583,RSDD,scene_13,test
RSDD_05584,RSDD,scene_13,test
RSDD_05585,RSDD,scene_13,test
RSDD_05586,RSDD,scene_13,test
RSDD_05587,RSDD,scene_13,test
RSDD_05588,RSDD,scene_13,test
RSDD_05589,RSDD,scene_13,test
RSDD_05590,RSDD,scene_13,test
RSDD_05591,RSDD,scene_13,test
RSDD_05592,RSDD,scene_13,test
RSDD_05593,RSDD,scene_13,test
RSDD_05594,RSDD,scene_13,test
RSDD_05595,RSDD,scene_13,test
RSDD_05596,RSDD,scene_13,test
RSDD_05597,RSDD,scene_13,test
RSDD_05598,RSDD,scene_13,test
RSDD_05599,RSDD,scene_13,test
RSDD_05600,RSDD,scene_13,test
RSDD_05601,RSDD,scene_13,test
RSDD_05602,RSDD,scene_13,test
RSDD_05603,RSDD,scene_13,test
RSDD_05604,RSDD,scene_13,test
RSDD_05605,RSDD,scene_13,test
RSDD_05606,RSDD,scene_13,test
RSDD_05607,RSDD,scene_13,test
RSDD_05608,RSDD,scene_13,test
RSDD_05609,RSDD,scene_13,test
RSDD_05610,RSDD,scene_13,test
RSDD_05611,RSDD,scene_13,test
RSDD_05612,RSDD,scene_13,test
RSDD_05613,RSDD,scene_13,test
RSDD_05614,RSDD,scene_13,test
RSDD_05615,RSDD,scene_13,test
RSDD_05616,RSDD,scene_13,test
RSDD_05617,RSDD,scene_13,test
RSDD_05618,RSDD,scene_13,test
RSDD_05619,RSDD,scene_13,test
RSDD_05620,RSDD,scene_13,test
RSDD_05621,RSDD,scene_13,test
RSDD_05622,RSDD,scene_13,test
RSDD_05623,RSDD,scene_13,test
RSDD_05624,RSDD,scene_13,test
RSDD_05625,RSDD,scene_13,test
RSDD_05626,RSDD,scene_13,test
RSDD_05627,RSDD,scene_13,test
RSDD_05628,RSDD,scene_13,test
RSDD_05629,RSDD,scene_13,test
RSDD_05630,RSDD,scene_13,test
RSDD_05631,RSDD,scene_13,test
RSDD_05632,RSDD,scene_13,test
RSDD_05633,RSDD,scene_13,test
RSDD_05634,RSDD,scene_13,test
RSDD_05635,RSDD,scene_13,test
RSDD_05636,RSDD,scene_13,test
RSDD_05637,RSDD,scene_13,test
RSDD_05638,RSDD,scene_13,test
RSDD_05639,RSDD,scene_13,test
RSDD_05640,RSDD,scene_13,test
RSDD_05641,RSDD,scene_13,test
RSDD_05642,RSDD,scene_13,test
RSDD_05643,RSDD,scene_13,test
RSDD_05644,RSDD,scene_13,test
RSDD_05645,RSDD,scene_13,test
RSDD_05646,RSDD,scene_13,test
RSDD_05647,RSDD,scene_13,test
RSDD_05648,RSDD,scene_13,test
RSDD_05649,RSDD,scene_13,test
RSDD_05650,RSDD,scene_13,test
RSDD_05651,RSDD,scene_13,test
RSDD_05652,RSDD,scene_13,test
RSDD_05653,RSDD,scene_13,test
RSDD_05654,RSDD,scene_13,test
RSDD_05655,RSDD,scene_13,test
RSDD_05656,RSDD,scene_13,test
RSDD_05657,RSDD,scene_13,test
RSDD_05658,RSDD,scene_13,test
RSDD_05659,RSDD,scene_13,test
RSDD_05660,RSDD,scene_13,test
RSDD_05661,RSDD,scene_13,test
RSDD_05662,RSDD,scene_13,test
RSDD_05663,RSDD,scene_13,test
RSDD_05664,RSDD,scene_13,test
RSDD_05665,RSDD,scene_13,test
RSDD_05666,RSDD,scene_13,test
RSDD_05667,RSDD,scene_13,test
RSDD_05668,RSDD,scene_14,test
RSDD_05669,RSDD,scene_14,test
RSDD_05670,RSDD,scene_14,test
RSDD_05671,RSDD,scene_14,test
RSDD_05672,RSDD,scene_14,test
RSDD_05673,RSDD,scene_14,test
RSDD_05674,RSDD,scene_14,test
RSDD_05675,RSDD,scene_14,test
RSDD_05676,RSDD,scene_14,test
RSDD_05677,RSDD,scene_14,test
RSDD_05678,RSDD,scene_14,test
RSDD_05679,RSDD,scene_14,test
RSDD_05680,RSDD,scene_14,test
RSDD_05681,RSDD,scene_14,test
RSDD_05682,RSDD,scene_14,test
RSDD_05683,RSDD,scene_14,test
RSDD_05684,RSDD,scene_14,test
RSDD_05685,RSDD,scene_14,test
RSDD_05686,RSDD,scene_14,test
RSDD_05687,RSDD,scene_14,test
RSDD_05688,RSDD,scene_14,test
RSDD_05689,RSDD,scene_14,test
RSDD_05690,RSDD,scene_14,test
RSDD_05691,RSDD,scene_14,test
RSDD_05692,RSDD,scene_14,test
RSDD_05693,RSDD,scene_14,test
RSDD_05694,RSDD,scene_14,test
RSDD_05695,RSDD,scene_14,test
RSDD_05696,RSDD,scene_14,test
RSDD_05697,RSDD,scene_14,test
RSDD_05698,RSDD,scene_14,test
RSDD_05699,RSDD,scene_14,test
RSDD_05700,RSDD,scene_14,test
RSDD_05701,RSDD,scene_14,test
RSDD_05702,RSDD,scene_14,test
RSDD_05703,RSDD,scene_14,test
RSDD_05704,RSDD,scene_14,test
RSDD_05705,RSDD,scene_14,test
RSDD_05706,RSDD,scene_14,test
RSDD_05707,RSDD,scene_14,test
RSDD_05708,RSDD,scene_14,test
RSDD_05709,RSDD,scene_14,test
RSDD_05710,RSDD,scene_14,test
RSDD_05711,RSDD,scene_14,test
RSDD_05712,RSDD,scene_14,test
RSDD_05713,RSDD,scene_14,test
RSDD_05714,RSDD,scene_14,test
RSDD_05715,RSDD,scene_14,test
RSDD_05716,RSDD,scene_14,test
RSDD_05717,RSDD,scene_14,test
RSDD_05718,RSDD,scene_14,test
RSDD_05719,RSDD,scene_14,test
RSDD_05720,RSDD,scene_14,test
RSDD_05721,RSDD,scene_14,test
RSDD_05722,RSDD,scene_14,test
RSDD_05723,RSDD,scene_14,test
RSDD_05724,RSDD,scene_14,test
RSDD_05725,RSDD,scene_14,test
RSDD_05726,RSDD,scene_14,test
RSDD_05727,RSDD,scene_14,test
RSDD_05728,RSDD,scene_14,test
RSDD_05729,RSDD,scene_14,test
RSDD_05730,RSDD,scene_14,test
RSDD_05731,RSDD,scene_14,test
RSDD_05732,RSDD,scene_14,test
RSDD_05733,RSDD,scene_14,test
RSDD_05734,RSDD,scene_14,test
RSDD_05735,RSDD,scene_14,test
RSDD_05736,RSDD,scene_14,test
RSDD_05737,RSDD,scene_14,test
RSDD_05738,RSDD,scene_14,test
RSDD_05739,RSDD,scene_14,test
RSDD_05740,RSDD,scene_14,test
RSDD_05741,RSDD,scene_14,test
RSDD_05742,RSDD,scene_14,test
RSDD_05743,RSDD,scene_14,test
RSDD_05744,RSDD,scene_14,test
RSDD_05745,RSDD,scene_14,test
RSDD_05746,RSDD,scene_14,test
RSDD_05747,RSDD,scene_14,test
RSDD_05748,RSDD,scene_14,test
RSDD_05749,RSDD,scene_14,test
RSDD_05750,RSDD,scene_14,test
RSDD_05751,RSDD,scene_14,test
RSDD_05752,RSDD,scene_14,test
RSDD_05753,RSDD,scene_14,test
RSDD_05754,RSDD,scene_14,test
RSDD_05755,RSDD,scene_14,test
RSDD_05756,RSDD,scene_14,test
RSDD_05757,RSDD,scene_14,test
RSDD_05758,RSDD,scene_14,test
RSDD_05759,RSDD,scene_14,test
RSDD_05760,RSDD,scene_14,test
RSDD_05761,RSDD,scene_14,test
RSDD_05762,RSDD,scene_14,test
RSDD_05763,RSDD,scene_14,test
RSDD_05764,RSDD,scene_14,test
RSDD_05765,RSDD,scene_14,test
RSDD_05766,RSDD,scene_14,test
RSDD_05767,RSDD,scene_14,test
RSDD_05768,RSDD,scene_14,test
RSDD_05769,RSDD,scene_14,test
RSDD_05770,RSDD,scene_14,test
RSDD_05771,RSDD,scene_14,test
RSDD_05772,RSDD,scene_14,test
RSDD_05773,RSDD,scene_14,test
RSDD_05774,RSDD,scene_14,test
RSDD_05775,RSDD,scene_14,test
RSDD_05776,RSDD,scene_14,test
RSDD_05777,RSDD,scene_14,test
RSDD_05778,RSDD,scene_14,test
RSDD_05779,RSDD,scene_14,test
RSDD_05780,RSDD,scene_14,test
RSDD_05781,RSDD,scene_14,test
RSDD_05782,RSDD,scene_14,test
RSDD_05783,RSDD,scene_14,test
RSDD_05784,RSDD,scene_14,test
RSDD_05785,RSDD,scene_14,test
RSDD_05786,RSDD,scene_14,test
RSDD_05787,RSDD,scene_14,test
RSDD_05788,RSDD,scene_14,test
RSDD_05789,RSDD,scene_14,test
RSDD_05790,RSDD,scene_14,test
RSDD_05791,RSDD,scene_14,test
RSDD_05792,RSDD,scene_14,test
RSDD_05793,RSDD,scene_14,test
RSDD_05794,RSDD,scene_14,test
RSDD_05795,RSDD,scene_14,test
RSDD_05796,RSDD,scene_14,test
RSDD_05797,RSDD,scene_14,test
RSDD_05798,RSDD,scene_14,test
RSDD_05799,RSDD,scene_14,test
RSDD_05800,RSDD,scene_14,test
RSDD_05801,RSDD,scene_14,test
RSDD_05802,RSDD,scene_14,test
RSDD_05803,RSDD,scene_14,test
RSDD_05804,RSDD,scene_14,test
RSDD_05805,RSDD,scene_14,test
RSDD_05806,RSDD,scene_14,test
RSDD_05807,RSDD,scene_14,test
RSDD_05808,RSDD,scene_14,test
RSDD_05809,RSDD,scene_14,test
RSDD_05810,RSDD,scene_14,test
RSDD_05811,RSDD,scene_14,test
RSDD_05812,RSDD,scene_14,test
RSDD_05813,RSDD,scene_14,test
RSDD_05814,RSDD,scene_14,test
RSDD_05815,RSDD,scene_14,test
RSDD_05816,RSDD,scene_14,test
RSDD_05817,RSDD,scene_14,test
RSDD_05818,RSDD,scene_14,test
RSDD_05819,RSDD,scene_14,test
RSDD_05820,RSDD,scene_14,test
RSDD_05821,RSDD,scene_14,test
RSDD_05822,RSDD,scene_14,test
RSDD_05823,RSDD,scene_14,test
RSDD_05824,RSDD,scene_14,test
RSDD_05825,RSDD,scene_14,test
RSDD_05826,RSDD,scene_14,test
RSDD_05827,RSDD,scene_14,test
RSDD_05828,RSDD,scene_14,test
RSDD_05829,RSDD,scene_14,test
RSDD_05830,RSDD,scene_14,test
RSDD_05831,RSDD,scene_14,test
RSDD_05832,RSDD,scene_14,test
RSDD_05833,RSDD,scene_14,test
RSDD_05834,RSDD,scene_14,test
RSDD_05835,RSDD,scene_14,test
RSDD_05836,RSDD,scene_14,test
RSDD_05837,RSDD,scene_14,test
RSDD_05838,RSDD,scene_14,test
RSDD_05839,RSDD,scene_14,test
RSDD_05840,RSDD,scene_14,test
RSDD_05841,RSDD,scene_14,test
RSDD_05842,RSDD,scene_14,test
RSDD_05843,RSDD,scene_14,test
RSDD_05844,RSDD,scene_14,test
RSDD_05845,RSDD,scene_14,test
RSDD_05846,RSDD,scene_14,test
RSDD_05847,RSDD,scene_14,test
RSDD_05848,RSDD,scene_14,test
RSDD_05849,RSDD,scene_14,test
RSDD_05850,RSDD,scene_14,test
RSDD_05851,RSDD,scene_14,test
RSDD_05852,RSDD,scene_14,test
RSDD_05853,RSDD,scene_14,test
RSDD_05854,RSDD,scene_14,test
RSDD_05855,RSDD,scene_14,test
RSDD_05856,RSDD,scene_14,test
RSDD_05857,RSDD,scene_14,test
RSDD_05858,RSDD,scene_14,test
RSDD_05859,RSDD,scene_14,test
RSDD_05860,RSDD,scene_14,test
RSDD_05861,RSDD,scene_14,test
RSDD_05862,RSDD,scene_14,test
RSDD_05863,RSDD,scene_14,test
RSDD_05864,RSDD,scene_14,test
RSDD_05865,RSDD,scene_14,test
RSDD_05866,RSDD,scene_14,test
RSDD_05867,RSDD,scene_14,test
RSDD_05868,RSDD,scene_14,test
RSDD_05869,RSDD,scene_14,test
RSDD_05870,RSDD,scene_14,test
RSDD_05871,RSDD,scene_14,test
RSDD_05872,RSDD,scene_14,test
RSDD_05873,RSDD,scene_14,test
RSDD_05874,RSDD,scene_14,test
RSDD_05875,RSDD,scene_14,test
RSDD_05876,RSDD,scene_14,test
RSDD_05877,RSDD,scene_14,test
RSDD_05878,RSDD,scene_14,test
RSDD_05879,RSDD,scene_14,test
RSDD_05880,RSDD,scene_14,test
RSDD_05881,RSDD,scene_14,test
RSDD_05882,RSDD,scene_14,test
RSDD_05883,RSDD,scene_14,test
RSDD_05884,RSDD,scene_14,test
RSDD_05885,RSDD,scene_14,test
RSDD_05886,RSDD,scene_14,test
RSDD_05887,RSDD,scene_14,test
RSDD_05888,RSDD,scene_14,test
RSDD_05889,RSDD,scene_14,test
RSDD_05890,RSDD,scene_14,test
RSDD_05891,RSDD,scene_14,test
RSDD_05892,RSDD,scene_14,test
RSDD_05893,RSDD,scene_14,test
RSDD_05894,RSDD,scene_14,test
RSDD_05895,RSDD,scene_14,test
RSDD_05896,RSDD,scene_14,test
RSDD_05897,RSDD,scene_14,test
RSDD_05898,RSDD,scene_14,test
RSDD_05899,RSDD,scene_14,test
RSDD_05900,RSDD,scene_14,test
RSDD_05901,RSDD,scene_14,test
RSDD_05902,RSDD,scene_14,test
RSDD_05903,RSDD,scene_14,test
RSDD_05904,RSDD,scene_14,test
RSDD_05905,RSDD,scene_14,test
RSDD_05906,RSDD,scene_14,test
RSDD_05907,RSDD,scene_14,test
RSDD_05908,RSDD,scene_14,test
RSDD_05909,RSDD,scene_14,test
RSDD_05910,RSDD,scene_14,test
RSDD_05911,RSDD,scene_14,test
RSDD_05912,RSDD,scene_14,test
RSDD_05913,RSDD,scene_14,test
RSDD_05914,RSDD,scene_14,test
RSDD_05915,RSDD,scene_14,test
RSDD_05916,RSDD,scene_14,test
RSDD_05917,RSDD,scene_14,test
RSDD_05918,RSDD,scene_14,test
RSDD_05919,RSDD,scene_14,test
RSDD_05920,RSDD,scene_14,test
RSDD_05921,RSDD,scene_14,test
RSDD_05922,RSDD,scene_14,test
RSDD_05923,RSDD,scene_14,test
RSDD_05924,RSDD,scene_14,test
RSDD_05925,RSDD,scene_14,test
RSDD_05926,RSDD,scene_14,test
RSDD_05927,RSDD,scene_14,test
RSDD_05928,RSDD,scene_14,test
RSDD_05929,RSDD,scene_14,test
RSDD_05930,RSDD,scene_14,test
RSDD_05931,RSDD,scene_14,test
RSDD_05932,RSDD,scene_14,test
RSDD_05933,RSDD,scene_14,test
RSDD_05934,RSDD,scene_14,test
RSDD_05935,RSDD,scene_14,test
RSDD_05936,RSDD,scene_14,test
RSDD_05937,RSDD,scene_14,test
RSDD_05938,RSDD,scene_14,test
RSDD_05939,RSDD,scene_14,test
RSDD_05940,RSDD,scene_14,test
RSDD_05941,RSDD,scene_14,test
RSDD_05942,RSDD,scene_14,test
RSDD_05943,RSDD,scene_14,test
RSDD_05944,RSDD,scene_14,test
RSDD_05945,RSDD,scene_14,test
RSDD_05946,RSDD,scene_14,test
RSDD_05947,RSDD,scene_14,test
RSDD_05948,RSDD,scene_14,test
RSDD_05949,RSDD,scene_14,test
RSDD_05950,RSDD,scene_14,test
RSDD_05951,RSDD,scene_14,test
RSDD_05952,RSDD,scene_14,test
RSDD_05953,RSDD,scene_14,test
RSDD_05954,RSDD,scene_14,test
RSDD_05955,RSDD,scene_14,test
RSDD_05956,RSDD,scene_14,test
RSDD_05957,RSDD,scene_14,test
RSDD_05958,RSDD,scene_14,test
RSDD_05959,RSDD,scene_14,test
RSDD_05960,RSDD,scene_14,test
RSDD_05961,RSDD,scene_14,test
RSDD_05962,RSDD,scene_14,test
RSDD_05963,RSDD,scene_14,test
RSDD_05964,RSDD,scene_14,test
RSDD_05965,RSDD,scene_14,test
RSDD_05966,RSDD,scene_14,test
RSDD_05967,RSDD,scene_14,test
RSDD_05968,RSDD,scene_14,test
RSDD_05969,RSDD,scene_14,test
RSDD_05970,RSDD,scene_14,test
RSDD_05971,RSDD,scene_14,test
RSDD_05972,RSDD,scene_14,test
RSDD_05973,RSDD,scene_14,test
RSDD_05974,RSDD,scene_14,test
RSDD_05975,RSDD,scene_14,test
RSDD_05976,RSDD,scene_14,test
RSDD_05977,RSDD,scene_14,test
RSDD_05978,RSDD,scene_14,test
RSDD_05979,RSDD,scene_14,test
RSDD_05980,RSDD,scene_14,test
RSDD_05981,RSDD,scene_14,test
RSDD_05982,RSDD,scene_14,test
RSDD_05983,RSDD,scene_14,test
RSDD_05984,RSDD,scene_14,test
RSDD_05985,RSDD,scene_14,test
RSDD_05986,RSDD,scene_14,test
RSDD_05987,RSDD,scene_14,test
RSDD_05988,RSDD,scene_14,test
RSDD_05989,RSDD,scene_14,test
RSDD_05990,RSDD,scene_14,test
RSDD_05991,RSDD,scene_14,test
RSDD_05992,RSDD,scene_14,test
RSDD_05993,RSDD,scene_14,test
RSDD_05994,RSDD,scene_14,test
RSDD_05995,RSDD,scene_14,test
RSDD_05996,RSDD,scene_14,test
RSDD_05997,RSDD,scene_14,test
RSDD_05998,RSDD,scene_14,test
RSDD_05999,RSDD,scene_14,test
RSDD_06000,RSDD,scene_14,test
RSDD_06001,RSDD,scene_14,test
RSDD_06002,RSDD,scene_14,test
RSDD_06003,RSDD,scene_14,test
RSDD_06004,RSDD,scene_14,test
RSDD_06005,RSDD,scene_14,test
RSDD_06006,RSDD,scene_14,test
RSDD_06007,RSDD,scene_14,test
RSDD_06008,RSDD,scene_14,test
RSDD_06009,RSDD,scene_14,test
RSDD_06010,RSDD,scene_14,test
RSDD_06011,RSDD,scene_14,test
RSDD_06012,RSDD,scene_14,test
RSDD_06013,RSDD,scene_14,test
RSDD_06014,RSDD,scene_14,test
RSDD_06015,RSDD,scene_14,test
RSDD_06016,RSDD,scene_14,test
RSDD_06017,RSDD,scene_14,test
RSDD_06018,RSDD,scene_14,test
RSDD_06019,RSDD,scene_14,test
RSDD_06020,RSDD,scene_14,test
RSDD_06021,RSDD,scene_14,test
RSDD_06022,RSDD,scene_14,test
RSDD_06023,RSDD,scene_14,test
RSDD_06024,RSDD,scene_14,test
RSDD_06025,RSDD,scene_14,test
RSDD_06026,RSDD,scene_14,test
RSDD_06027,RSDD,scene_14,test
RSDD_06028,RSDD,scene_14,test
RSDD_06029,RSDD,scene_14,test
RSDD_06030,RSDD,scene_14,test
RSDD_06031,RSDD,scene_14,test
RSDD_06032,RSDD,scene_14,test
RSDD_06033,RSDD,scene_14,test
RSDD_06034,RSDD,scene_14,test
RSDD_06035,RSDD,scene_14,test
RSDD_06036,RSDD,scene_14,test
RSDD_06037,RSDD,scene_14,test
RSDD_06038,RSDD,scene_14,test
RSDD_06039,RSDD,scene_14,test
RSDD_06040,RSDD,scene_14,test
RSDD_06041,RSDD,scene_14,test
RSDD_06042,RSDD,scene_14,test
RSDD_06043,RSDD,scene_14,test
RSDD_06044,RSDD,scene_14,test
RSDD_06045,RSDD,scene_14,test
RSDD_06046,RSDD,scene_14,test
RSDD_06047,RSDD,scene_14,test
RSDD_06048,RSDD,scene_14,test
RSDD_06049,RSDD,scene_14,test
RSDD_06050,RSDD,scene_14,test
RSDD_06051,RSDD,scene_14,test
RSDD_06052,RSDD,scene_14,test
RSDD_06053,RSDD,scene_14,test
RSDD_06054,RSDD,scene_14,test
RSDD_06055,RSDD,scene_14,test
RSDD_06056,RSDD,scene_14,test
RSDD_06057,RSDD,scene_14,test
RSDD_06058,RSDD,scene_14,test
RSDD_06059,RSDD,scene_14,test
RSDD_06060,RSDD,scene_14,test
RSDD_06061,RSDD,scene_14,test
RSDD_06062,RSDD,scene_14,test
RSDD_06063,RSDD,scene_14,test
RSDD_06064,RSDD,scene_14,test
RSDD_06065,RSDD,scene_14,test
RSDD_06066,RSDD,scene_14,test
RSDD_06067,RSDD,scene_14,test
RSDD_06068,RSDD,scene_14,test
RSDD_06069,RSDD,scene_14,test
RSDD_06070,RSDD,scene_14,test
RSDD_06071,RSDD,scene_14,test
RSDD_06072,RSDD,scene_14,test
RSDD_06073,RSDD,scene_14,test
RSDD_06074,RSDD,scene_14,test
RSDD_06075,RSDD,scene_14,test
RSDD_06076,RSDD,scene_14,test
RSDD_06077,RSDD,scene_14,test
RSDD_06078,RSDD,scene_14,test
RSDD_06079,RSDD,scene_14,test
RSDD_06080,RSDD,scene_14,test
RSDD_06081,RSDD,scene_14,test
RSDD_06082,RSDD,scene_14,test
RSDD_06083,RSDD,scene_14,test
RSDD_06084,RSDD,scene_14,test
RSDD_06085,RSDD,scene_14,test
RSDD_06086,RSDD,scene_14,test
RSDD_06087,RSDD,scene_14,test
RSDD_06088,RSDD,scene_14,test
RSDD_06089,RSDD,scene_14,test
RSDD_06090,RSDD,scene_14,test
RSDD_06091,RSDD,scene_14,test
RSDD_06092,RSDD,scene_14,test
RSDD_06093,RSDD,scene_14,test
RSDD_06094,RSDD,scene_14,test
RSDD_06095,RSDD,scene_14,test
RSDD_06096,RSDD,scene_14,test
RSDD_06097,RSDD,scene_14,test
RSDD_06098,RSDD,scene_14,test
RSDD_06099,RSDD,scene_14,test
RSDD_06100,RSDD,scene_14,test
RSDD_06101,RSDD,scene_14,test
RSDD_06102,RSDD,scene_14,test
RSDD_06103,RSDD,scene_14,test
RSDD_06104,RSDD,scene_14,test
RSDD_06105,RSDD,scene_14,test
RSDD_06106,RSDD,scene_14,test
RSDD_06107,RSDD,scene_14,test
RSDD_06108,RSDD,scene_14,test
RSDD_06109,RSDD,scene_14,test
RSDD_06110,RSDD,scene_14,test
RSDD_06111,RSDD,scene_14,test
RSDD_06112,RSDD,scene_14,test
RSDD_06113,RSDD,scene_14,test
RSDD_06114,RSDD,scene_14,test
RSDD_06115,RSDD,scene_14,test
RSDD_06116,RSDD,scene_14,test
RSDD_06117,RSDD,scene_14,test
RSDD_06118,RSDD,scene_14,test
RSDD_06119,RSDD,scene_14,test
RSDD_06120,RSDD,scene_14,test
RSDD_06121,RSDD,scene_14,test
RSDD_06122,RSDD,scene_14,test
RSDD_06123,RSDD,scene_14,test
RSDD_06124,RSDD,scene_14,test
RSDD_06125,RSDD,scene_14,test
RSDD_06126,RSDD,scene_14,test
RSDD_06127,RSDD,scene_14,test
RSDD_06128,RSDD,scene_14,test
RSDD_06129,RSDD,scene_14,test
RSDD_06130,RSDD,scene_14,test
RSDD_06131,RSDD,scene_14,test
RSDD_06132,RSDD,scene_14,test
RSDD_06133,RSDD,scene_14,test
RSDD_06134,RSDD,scene_14,test
RSDD_06135,RSDD,scene_14,test
RSDD_06136,RSDD,scene_14,test
RSDD_06137,RSDD,scene_14,test
RSDD_06138,RSDD,scene_14,test
RSDD_06139,RSDD,scene_14,test
RSDD_06140,RSDD,scene_14,test
RSDD_06141,RSDD,scene_14,test
RSDD_06142,RSDD,scene_14,test
RSDD_06143,RSDD,scene_14,test
RSDD_06144,RSDD,scene_14,test
RSDD_06145,RSDD,scene_14,test
RSDD_06146,RSDD,scene_14,test
RSDD_06147,RSDD,scene_14,test
RSDD_06148,RSDD,scene_14,test
RSDD_06149,RSDD,scene_14,test
RSDD_06150,RSDD,scene_14,test
RSDD_06151,RSDD,scene_14,test
RSDD_06152,RSDD,scene_14,test
RSDD_06153,RSDD,scene_14,test
RSDD_06154,RSDD,scene_14,test
RSDD_06155,RSDD,scene_14,test
RSDD_06156,RSDD,scene_14,test
RSDD_06157,RSDD,scene_14,test
RSDD_06158,RSDD,scene_14,test
RSDD_06159,RSDD,scene_14,test
RSDD_06160,RSDD,scene_14,test
RSDD_06161,RSDD,scene_14,test
RSDD_06162,RSDD,scene_14,test
RSDD_06163,RSDD,scene_14,test
RSDD_06164,RSDD,scene_14,test
RSDD_06165,RSDD,scene_14,test
RSDD_06166,RSDD,scene_14,test
RSDD_06167,RSDD,scene_14,test
RSDD_06168,RSDD,scene_14,test
RSDD_06169,RSDD,scene_14,test
RSDD_06170,RSDD,scene_14,test
RSDD_06171,RSDD,scene_14,test
RSDD_06172,RSDD,scene_14,test
RSDD_06173,RSDD,scene_14,test
RSDD_06174,RSDD,scene_14,test
RSDD_06175,RSDD,scene_14,test
RSDD_06176,RSDD,scene_14,test
RSDD_06177,RSDD,scene_14,test
RSDD_06178,RSDD,scene_14,test
RSDD_06179,RSDD,scene_14,test
RSDD_06180,RSDD,scene_14,test
RSDD_06181,RSDD,scene_14,test
RSDD_06182,RSDD,scene_14,test
RSDD_06183,RSDD,scene_14,test
RSDD_06184,RSDD,scene_14,test
RSDD_06185,RSDD,scene_14,test
RSDD_06186,RSDD,scene_14,test
RSDD_06187,RSDD,scene_14,test
RSDD_06188,RSDD,scene_14,test
RSDD_06189,RSDD,scene_14,test
RSDD_06190,RSDD,scene_14,test
RSDD_06191,RSDD,scene_14,test
RSDD_06192,RSDD,scene_14,test
RSDD_06193,RSDD,scene_14,test
RSDD_06194,RSDD,scene_14,test
RSDD_06195,RSDD,scene_14,test
RSDD_06196,RSDD,scene_14,test
RSDD_06197,RSDD,scene_14,test
RSDD_06198,RSDD,scene_14,test
RSDD_06199,RSDD,scene_14,test
RSDD_06200,RSDD,scene_14,test
RSDD_06201,RSDD,scene_14,test
RSDD_06202,RSDD,scene_14,test
RSDD_06203,RSDD,scene_14,test
RSDD_06204,RSDD,scene_14,test
RSDD_06205,RSDD,scene_14,test
RSDD_06206,RSDD,scene_14,test
RSDD_06207,RSDD,scene_14,test
RSDD_06208,RSDD,scene_14,test
RSDD_06209,RSDD,scene_14,test
RSDD_06210,RSDD,scene_14,test
RSDD_06211,RSDD,scene_14,test
RSDD_06212,RSDD,scene_14,test
RSDD_06213,RSDD,scene_14,test
RSDD_06214,RSDD,scene_14,test
RSDD_06215,RSDD,scene_14,test
RSDD_06216,RSDD,scene_14,test
RSDD_06217,RSDD,scene_14,test
RSDD_06218,RSDD,scene_14,test
RSDD_06219,RSDD,scene_14,test
RSDD_06220,RSDD,scene_14,test
RSDD_06221,RSDD,scene_14,test
RSDD_06222,RSDD,scene_14,test
RSDD_06223,RSDD,scene_14,test
RSDD_06224,RSDD,scene_14,test
RSDD_06225,RSDD,scene_14,test
RSDD_06226,RSDD,scene_14,test
RSDD_06227,RSDD,scene_14,test
RSDD_06228,RSDD,scene_14,test
RSDD_06229,RSDD,scene_14,test
RSDD_06230,RSDD,scene_14,test
RSDD_06231,RSDD,scene_14,test
RSDD_06232,RSDD,scene_14,test
RSDD_06233,RSDD,scene_14,test
RSDD_06234,RSDD,scene_14,test
RSDD_06235,RSDD,scene_14,test
RSDD_06236,RSDD,scene_14,test
RSDD_06237,RSDD,scene_14,test
RSDD_06238,RSDD,scene_14,test
RSDD_06239,RSDD,scene_14,test
RSDD_06240,RSDD,scene_14,test
RSDD_06241,RSDD,scene_14,test
RSDD_06242,RSDD,scene_14,test
RSDD_06243,RSDD,scene_14,test
RSDD_06244,RSDD,scene_14,test
RSDD_06245,RSDD,scene_14,test
RSDD_06246,RSDD,scene_14,test
RSDD_06247,RSDD,scene_14,test
RSDD_06248,RSDD,scene_14,test
RSDD_06249,RSDD,scene_14,test
RSDD_06250,RSDD,scene_14,test
RSDD_06251,RSDD,scene_14,test
RSDD_06252,RSDD,scene_14,test
RSDD_06253,RSDD,scene_14,test
RSDD_06254,RSDD,scene_14,test
RSDD_06255,RSDD,scene_14,test
RSDD_06256,RSDD,scene_14,test
RSDD_06257,RSDD,scene_14,test
RSDD_06258,RSDD,scene_14,test
RSDD_06259,RSDD,scene_14,test
RSDD_06260,RSDD,scene_14,test
RSDD_06261,RSDD,scene_14,test
RSDD_06262,RSDD,scene_14,test
RSDD_06263,RSDD,scene_14,test
RSDD_06264,RSDD,scene_14,test
RSDD_06265,RSDD,scene_14,test
RSDD_06266,RSDD,scene_14,test
RSDD_06267,RSDD,scene_14,test
RSDD_06268,RSDD,scene_14,test
RSDD_06269,RSDD,scene_14,test
RSDD_06270,RSDD,scene_14,test
RSDD_06271,RSDD,scene_14,test
RSDD_06272,RSDD,scene_14,test
RSDD_06273,RSDD,scene_14,test
RSDD_06274,RSDD,scene_14,test
RSDD_06275,RSDD,scene_14,test
RSDD_06276,RSDD,scene_14,test
RSDD_06277,RSDD,scene_14,test
RSDD_06278,RSDD,scene_14,test
RSDD_06279,RSDD,scene_14,test
RSDD_06280,RSDD,scene_14,test
RSDD_06281,RSDD,scene_14,test
RSDD_06282,RSDD,scene_14,test
RSDD_06283,RSDD,scene_14,test
RSDD_06284,RSDD,scene_14,test
RSDD_06285,RSDD,scene_14,test
RSDD_06286,RSDD,scene_14,test
RSDD_06287,RSDD,scene_14,test
RSDD_06288,RSDD,scene_14,test
RSDD_06289,RSDD,scene_14,test
RSDD_06290,RSDD,scene_14,test
RSDD_06291,RSDD,scene_14,test
RSDD_06292,RSDD,scene_14,test
RSDD_06293,RSDD,scene_14,test
RSDD_06294,RSDD,scene_14,test
RSDD_06295,RSDD,scene_14,test
RSDD_06296,RSDD,scene_14,test
RSDD_06297,RSDD,scene_14,test
RSDD_06298,RSDD,scene_14,test
RSDD_06299,RSDD,scene_14,test
RSDD_06300,RSDD,scene_14,test
RSDD_06301,RSDD,scene_14,test
RSDD_06302,RSDD,scene_14,test
RSDD_06303,RSDD,scene_14,test
RSDD_06304,RSDD,scene_14,test
RSDD_06305,RSDD,scene_14,test
RSDD_06306,RSDD,scene_14,test
RSDD_06307,RSDD,scene_14,test
RSDD_06308,RSDD,scene_14,test
RSDD_06309,RSDD,scene_14,test
RSDD_06310,RSDD,scene_14,test
RSDD_06311,RSDD,scene_14,test
RSDD_06312,RSDD,scene_14,test
RSDD_06313,RSDD,scene_14,test
RSDD_06314,RSDD,scene_14,test
RSDD_06315,RSDD,scene_14,test
RSDD_06316,RSDD,scene_14,test
RSDD_06317,RSDD,scene_14,test
RSDD_06318,RSDD,scene_14,test
RSDD_06319,RSDD,scene_14,test
RSDD_06320,RSDD,scene_14,test
RSDD_06321,RSDD,scene_14,test
RSDD_06322,RSDD,scene_14,test
RSDD_06323,RSDD,scene_14,test
RSDD_06324,RSDD,scene_14,test
RSDD_06325,RSDD,scene_14,test
RSDD_06326,RSDD,scene_14,test
RSDD_06327,RSDD,scene_14,test
RSDD_06328,RSDD,scene_14,test
RSDD_06329,RSDD,scene_14,test
RSDD_06330,RSDD,scene_14,test
RSDD_06331,RSDD,scene_14,test
RSDD_06332,RSDD,scene_14,test
RSDD_06333,RSDD,scene_14,test
RSDD_06334,RSDD,scene_14,test
RSDD_06335,RSDD,scene_15,test
RSDD_06336,RSDD,scene_15,test
RSDD_06337,RSDD,scene_15,test
RSDD_06338,RSDD,scene_15,test
RSDD_06339,RSDD,scene_15,test
RSDD_06340,RSDD,scene_15,test
RSDD_06341,RSDD,scene_15,test
RSDD_06342,RSDD,scene_15,test
RSDD_06343,RSDD,scene_15,test
RSDD_06344,RSDD,scene_15,test
RSDD_06345,RSDD,scene_15,test
RSDD_06346,RSDD,scene_15,test
RSDD_06347,RSDD,scene_15,test
RSDD_06348,RSDD,scene_15,test
RSDD_06349,RSDD,scene_15,test
RSDD_06350,RSDD,scene_15,test
RSDD_06351,RSDD,scene_15,test
RSDD_06352,RSDD,scene_15,test
RSDD_06353,RSDD,scene_15,test
RSDD_06354,RSDD,scene_15,test
RSDD_06355,RSDD,scene_15,test
RSDD_06356,RSDD,scene_15,test
RSDD_06357,RSDD,scene_15,test
RSDD_06358,RSDD,scene_15,test
RSDD_06359,RSDD,scene_15,test
RSDD_06360,RSDD,scene_15,test
RSDD_06361,RSDD,scene_15,test
RSDD_06362,RSDD,scene_15,test
RSDD_06363,RSDD,scene_15,test
RSDD_06364,RSDD,scene_15,test
RSDD_06365,RSDD,scene_15,test
RSDD_06366,RSDD,scene_15,test
RSDD_06367,RSDD,scene_15,test
RSDD_06368,RSDD,scene_15,test
RSDD_06369,RSDD,scene_15,test
RSDD_06370,RSDD,scene_15,test
RSDD_06371,RSDD,scene_15,test
RSDD_06372,RSDD,scene_15,test
RSDD_06373,RSDD,scene_15,test
RSDD_06374,RSDD,scene_15,test
RSDD_06375,RSDD,scene_15,test
RSDD_06376,RSDD,scene_15,test
RSDD_06377,RSDD,scene_15,test
RSDD_06378,RSDD,scene_15,test
RSDD_06379,RSDD,scene_15,test
RSDD_06380,RSDD,scene_15,test
RSDD_06381,RSDD,scene_15,test
RSDD_06382,RSDD,scene_15,test
RSDD_06383,RSDD,scene_15,test
RSDD_06384,RSDD,scene_15,test
RSDD_06385,RSDD,scene_15,test
RSDD_06386,RSDD,scene_15,test
RSDD_06387,RSDD,scene_15,test
RSDD_06388,RSDD,scene_15,test
RSDD_06389,RSDD,scene_15,test
RSDD_06390,RSDD,scene_15,test
RSDD_06391,RSDD,scene_15,test
RSDD_06392,RSDD,scene_15,test
RSDD_06393,RSDD,scene_15,test
RSDD_06394,RSDD,scene_15,test
RSDD_06395,RSDD,scene_15,test
RSDD_06396,RSDD,scene_15,test
RSDD_06397,RSDD,scene_15,test
RSDD_06398,RSDD,scene_15,test
RSDD_06399,RSDD,scene_15,test
RSDD_06400,RSDD,scene_15,test
RSDD_06401,RSDD,scene_15,test
RSDD_06402,RSDD,scene_15,test
RSDD_06403,RSDD,scene_15,test
RSDD_06404,RSDD,scene_15,test
RSDD_06405,RSDD,scene_15,test
RSDD_06406,RSDD,scene_15,test
RSDD_06407,RSDD,scene_15,test
RSDD_06408,RSDD,scene_15,test
RSDD_06409,RSDD,scene_15,test
RSDD_06410,RSDD,scene_15,test
RSDD_06411,RSDD,scene_15,test
RSDD_06412,RSDD,scene_15,test
RSDD_06413,RSDD,scene_15,test
RSDD_06414,RSDD,scene_15,test
RSDD_06415,RSDD,scene_15,test
RSDD_06416,RSDD,scene_15,test
RSDD_06417,RSDD,scene_15,test
RSDD_06418,RSDD,scene_15,test
RSDD_06419,RSDD,scene_15,test
RSDD_06420,RSDD,scene_15,test
RSDD_06421,RSDD,scene_15,test
RSDD_06422,RSDD,scene_15,test
RSDD_06423,RSDD,scene_15,test
RSDD_06424,RSDD,scene_15,test
RSDD_06425,RSDD,scene_15,test
RSDD_06426,RSDD,scene_15,test
RSDD_06427,RSDD,scene_15,test
RSDD_06428,RSDD,scene_15,test
RSDD_06429,RSDD,scene_15,test
RSDD_06430,RSDD,scene_15,test
RSDD_06431,RSDD,scene_15,test
RSDD_06432,RSDD,scene_15,test
RSDD_06433,RSDD,scene_15,test
RSDD_06434,RSDD,scene_15,test
RSDD_06435,RSDD,scene_15,test
RSDD_06436,RSDD,scene_15,test
RSDD_06437,RSDD,scene_15,test
RSDD_06438,RSDD,scene_15,test
RSDD_06439,RSDD,scene_15,test
RSDD_06440,RSDD,scene_15,test
RSDD_06441,RSDD,scene_15,test
RSDD_06442,RSDD,scene_15,test
RSDD_06443,RSDD,scene_15,test
RSDD_06444,RSDD,scene_15,test
RSDD_06445,RSDD,scene_15,test
RSDD_06446,RSDD,scene_15,test
RSDD_06447,RSDD,scene_15,test
RSDD_06448,RSDD,scene_15,test
RSDD_06449,RSDD,scene_15,test
RSDD_06450,RSDD,scene_15,test
RSDD_06451,RSDD,scene_15,test
RSDD_06452,RSDD,scene_15,test
RSDD_06453,RSDD,scene_15,test
RSDD_06454,RSDD,scene_15,test
RSDD_06455,RSDD,scene_15,test
RSDD_06456,RSDD,scene_15,test
RSDD_06457,RSDD,scene_15,test
RSDD_06458,RSDD,scene_15,test
RSDD_06459,RSDD,scene_15,test
RSDD_06460,RSDD,scene_15,test
RSDD_06461,RSDD,scene_15,test
RSDD_06462,RSDD,scene_15,test
RSDD_06463,RSDD,scene_15,test
RSDD_06464,RSDD,scene_15,test
RSDD_06465,RSDD,scene_15,test
RSDD_06466,RSDD,scene_15,test
RSDD_06467,RSDD,scene_15,test
RSDD_06468,RSDD,scene_15,test
RSDD_06469,RSDD,scene_15,test
RSDD_06470,RSDD,scene_15,test
RSDD_06471,RSDD,scene_15,test
RSDD_06472,RSDD,scene_15,test
RSDD_06473,RSDD,scene_15,test
RSDD_06474,RSDD,scene_15,test
RSDD_06475,RSDD,scene_15,test
RSDD_06476,RSDD,scene_15,test
RSDD_06477,RSDD,scene_15,test
RSDD_06478,RSDD,scene_15,test
RSDD_06479,RSDD,scene_15,test
RSDD_06480,RSDD,scene_15,test
RSDD_06481,RSDD,scene_15,test
RSDD_06482,RSDD,scene_15,test
RSDD_06483,RSDD,scene_15,test
RSDD_06484,RSDD,scene_15,test
RSDD_06485,RSDD,scene_15,test
RSDD_06486,RSDD,scene_15,test
RSDD_06487,RSDD,scene_15,test
RSDD_06488,RSDD,scene_15,test
RSDD_06489,RSDD,scene_15,test
RSDD_06490,RSDD,scene_15,test
RSDD_06491,RSDD,scene_15,test
RSDD_06492,RSDD,scene_15,test
RSDD_06493,RSDD,scene_15,test
RSDD_06494,RSDD,scene_15,test
RSDD_06495,RSDD,scene_15,test
RSDD_06496,RSDD,scene_15,test
RSDD_06497,RSDD,scene_15,test
RSDD_06498,RSDD,scene_15,test
RSDD_06499,RSDD,scene_15,test
RSDD_06500,RSDD,scene_15,test
RSDD_06501,RSDD,scene_15,test
RSDD_06502,RSDD,scene_15,test
RSDD_06503,RSDD,scene_15,test
RSDD_06504,RSDD,scene_15,test
RSDD_06505,RSDD,scene_15,test
RSDD_06506,RSDD,scene_15,test
RSDD_06507,RSDD,scene_15,test
RSDD_06508,RSDD,scene_15,test
RSDD_06509,RSDD,scene_15,test
RSDD_06510,RSDD,scene_15,test
RSDD_06511,RSDD,scene_15,test
RSDD_06512,RSDD,scene_15,test
RSDD_06513,RSDD,scene_15,test
RSDD_06514,RSDD,scene_15,test
RSDD_06515,RSDD,scene_15,test
RSDD_06516,RSDD,scene_15,test
RSDD_06517,RSDD,scene_15,test
RSDD_06518,RSDD,scene_15,test
RSDD_06519,RSDD,scene_15,test
RSDD_06520,RSDD,scene_15,test
RSDD_06521,RSDD,scene_15,test
RSDD_06522,RSDD,scene_15,test
RSDD_06523,RSDD,scene_15,test
RSDD_06524,RSDD,scene_15,test
RSDD_06525,RSDD,scene_15,test
RSDD_06526,RSDD,scene_15,test
RSDD_06527,RSDD,scene_15,test
RSDD_06528,RSDD,scene_15,test
RSDD_06529,RSDD,scene_15,test
RSDD_06530,RSDD,scene_15,test
RSDD_06531,RSDD,scene_15,test
RSDD_06532,RSDD,scene_15,test
RSDD_06533,RSDD,scene_15,test
RSDD_06534,RSDD,scene_15,test
RSDD_06535,RSDD,scene_15,test
RSDD_06536,RSDD,scene_15,test
RSDD_06537,RSDD,scene_15,test
RSDD_06538,RSDD,scene_15,test
RSDD_06539,RSDD,scene_15,test
RSDD_06540,RSDD,scene_15,test
RSDD_06541,RSDD,scene_15,test
RSDD_06542,RSDD,scene_15,test
RSDD_06543,RSDD,scene_15,test
RSDD_06544,RSDD,scene_15,test
RSDD_06545,RSDD,scene_15,test
RSDD_06546,RSDD,scene_15,test
RSDD_06547,RSDD,scene_15,test
RSDD_06548,RSDD,scene_15,test
RSDD_06549,RSDD,scene_15,test
RSDD_06550,RSDD,scene_15,test
RSDD_06551,RSDD,scene_15,test
RSDD_06552,RSDD,scene_15,test
RSDD_06553,RSDD,scene_15,test
RSDD_06554,RSDD,scene_15,test
RSDD_06555,RSDD,scene_15,test
RSDD_06556,RSDD,scene_15,test
RSDD_06557,RSDD,scene_15,test
RSDD_06558,RSDD,scene_15,test
RSDD_06559,RSDD,scene_15,test
RSDD_06560,RSDD,scene_15,test
RSDD_06561,RSDD,scene_15,test
RSDD_06562,RSDD,scene_15,test
RSDD_06563,RSDD,scene_15,test
RSDD_06564,RSDD,scene_15,test
RSDD_06565,RSDD,scene_15,test
RSDD_06566,RSDD,scene_15,test
RSDD_06567,RSDD,scene_15,test
RSDD_06568,RSDD,scene_15,test
RSDD_06569,RSDD,scene_15,test
RSDD_06570,RSDD,scene_15,test
RSDD_06571,RSDD,scene_15,test
RSDD_06572,RSDD,scene_15,test
RSDD_06573,RSDD,scene_15,test
RSDD_06574,RSDD,scene_15,test
RSDD_06575,RSDD,scene_15,test
RSDD_06576,RSDD,scene_15,test
RSDD_06577,RSDD,scene_15,test
RSDD_06578,RSDD,scene_15,test
RSDD_06579,RSDD,scene_15,test
RSDD_06580,RSDD,scene_15,test
RSDD_06581,RSDD,scene_15,test
RSDD_06582,RSDD,scene_15,test
RSDD_06583,RSDD,scene_15,test
RSDD_06584,RSDD,scene_15,test
RSDD_06585,RSDD,scene_15,test
RSDD_06586,RSDD,scene_15,test
RSDD_06587,RSDD,scene_15,test
RSDD_06588,RSDD,scene_15,test
RSDD_06589,RSDD,scene_15,test
RSDD_06590,RSDD,scene_15,test
RSDD_06591,RSDD,scene_15,test
RSDD_06592,RSDD,scene_15,test
RSDD_06593,RSDD,scene_15,test
RSDD_06594,RSDD,scene_15,test
RSDD_06595,RSDD,scene_15,test
RSDD_06596,RSDD,scene_15,test
RSDD_06597,RSDD,scene_15,test
RSDD_06598,RSDD,scene_15,test
RSDD_06599,RSDD,scene_15,test
RSDD_06600,RSDD,scene_15,test
RSDD_06601,RSDD,scene_15,test
RSDD_06602,RSDD,scene_15,test
RSDD_06603,RSDD,scene_15,test
RSDD_06604,RSDD,scene_15,test
RSDD_06605,RSDD,scene_15,test
RSDD_06606,RSDD,scene_15,test
RSDD_06607,RSDD,scene_15,test
RSDD_06608,RSDD,scene_15,test
RSDD_06609,RSDD,scene_15,test
RSDD_06610,RSDD,scene_15,test
RSDD_06611,RSDD,scene_15,test
RSDD_06612,RSDD,scene_15,test
RSDD_06613,RSDD,scene_15,test
RSDD_06614,RSDD,scene_15,test
RSDD_06615,RSDD,scene_15,test
RSDD_06616,RSDD,scene_15,test
RSDD_06617,RSDD,scene_15,test
RSDD_06618,RSDD,scene_15,test
RSDD_06619,RSDD,scene_15,test
RSDD_06620,RSDD,scene_15,test
RSDD_06621,RSDD,scene_15,test
RSDD_06622,RSDD,scene_15,test
RSDD_06623,RSDD,scene_15,test
RSDD_06624,RSDD,scene_15,test
RSDD_06625,RSDD,scene_15,test
RSDD_06626,RSDD,scene_15,test
RSDD_06627,RSDD,scene_15,test
RSDD_06628,RSDD,scene_15,test
RSDD_06629,RSDD,scene_15,test
RSDD_06630,RSDD,scene_15,test
RSDD_06631,RSDD,scene_15,test
RSDD_06632,RSDD,scene_15,test
RSDD_06633,RSDD,scene_15,test
RSDD_06634,RSDD,scene_15,test
RSDD_06635,RSDD,scene_15,test
RSDD_06636,RSDD,scene_15,test
RSDD_06637,RSDD,scene_15,test
RSDD_06638,RSDD,scene_15,test
RSDD_06639,RSDD,scene_15,test
RSDD_06640,RSDD,scene_15,test
RSDD_06641,RSDD,scene_15,test
RSDD_06642,RSDD,scene_15,test
RSDD_06643,RSDD,scene_15,test
RSDD_06644,RSDD,scene_15,test
RSDD_06645,RSDD,scene_15,test
RSDD_06646,RSDD,scene_15,test
RSDD_06647,RSDD,scene_15,test
RSDD_06648,RSDD,scene_15,test
RSDD_06649,RSDD,scene_15,test
RSDD_06650,RSDD,scene_15,test
RSDD_06651,RSDD,scene_15,test
RSDD_06652,RSDD,scene_15,test
RSDD_06653,RSDD,scene_15,test
RSDD_06654,RSDD,scene_15,test
RSDD_06655,RSDD,scene_15,test
RSDD_06656,RSDD,scene_15,test
RSDD_06657,RSDD,scene_15,test
RSDD_06658,RSDD,scene_15,test
RSDD_06659,RSDD,scene_15,test
RSDD_06660,RSDD,scene_15,test
RSDD_06661,RSDD,scene_15,test
RSDD_06662,RSDD,scene_15,test
RSDD_06663,RSDD,scene_15,test
RSDD_06664,RSDD,scene_15,test
RSDD_06665,RSDD,scene_15,test
RSDD_06666,RSDD,scene_15,test
RSDD_06667,RSDD,scene_15,test
RSDD_06668,RSDD,scene_15,test
RSDD_06669,RSDD,scene_15,test
RSDD_06670,RSDD,scene_15,test
RSDD_06671,RSDD,scene_15,test
RSDD_06672,RSDD,scene_15,test
RSDD_06673,RSDD,scene_15,test
RSDD_06674,RSDD,scene_15,test
RSDD_06675,RSDD,scene_15,test
RSDD_06676,RSDD,scene_15,test
RSDD_06677,RSDD,scene_15,test
RSDD_06678,RSDD,scene_15,test
RSDD_06679,RSDD,scene_15,test
RSDD_06680,RSDD,scene_15,test
RSDD_06681,RSDD,scene_15,test
RSDD_06682,RSDD,scene_15,test
RSDD_06683,RSDD,scene_15,test
RSDD_06684,RSDD,scene_15,test
RSDD_06685,RSDD,scene_15,test
RSDD_06686,RSDD,scene_15,test
RSDD_06687,RSDD,scene_15,test
RSDD_06688,RSDD,scene_15,test
RSDD_06689,RSDD,scene_15,test
RSDD_06690,RSDD,scene_15,test
RSDD_06691,RSDD,scene_15,test
RSDD_06692,RSDD,scene_15,test
RSDD_06693,RSDD,scene_15,test
RSDD_06694,RSDD,scene_15,test
RSDD_06695,RSDD,scene_15,test
RSDD_06696,RSDD,scene_15,test
RSDD_06697,RSDD,scene_15,test
RSDD_06698,RSDD,scene_15,test
RSDD_06699,RSDD,scene_15,test
RSDD_06700,RSDD,scene_15,test
RSDD_06701,RSDD,scene_15,test
RSDD_06702,RSDD,scene_15,test
RSDD_06703,RSDD,scene_15,test
RSDD_06704,RSDD,scene_15,test
RSDD_06705,RSDD,scene_15,test
RSDD_06706,RSDD,scene_15,test
RSDD_06707,RSDD,scene_15,test
RSDD_06708,RSDD,scene_15,test
RSDD_06709,RSDD,scene_15,test
RSDD_06710,RSDD,scene_15,test
RSDD_06711,RSDD,scene_15,test
RSDD_06712,RSDD,scene_15,test
RSDD_06713,RSDD,scene_15,test
RSDD_06714,RSDD,scene_15,test
RSDD_06715,RSDD,scene_15,test
RSDD_06716,RSDD,scene_15,test
RSDD_06717,RSDD,scene_15,test
RSDD_06718,RSDD,scene_15,test
RSDD_06719,RSDD,scene_15,test
RSDD_06720,RSDD,scene_15,test
RSDD_06721,RSDD,scene_15,test
RSDD_06722,RSDD,scene_15,test
RSDD_06723,RSDD,scene_15,test
RSDD_06724,RSDD,scene_15,test
RSDD_06725,RSDD,scene_15,test
RSDD_06726,RSDD,scene_15,test
RSDD_06727,RSDD,scene_15,test
RSDD_06728,RSDD,scene_15,test
RSDD_06729,RSDD,scene_15,test
RSDD_06730,RSDD,scene_15,test
RSDD_06731,RSDD,scene_15,test
RSDD_06732,RSDD,scene_15,test
RSDD_06733,RSDD,scene_15,test
RSDD_06734,RSDD,scene_15,test
RSDD_06735,RSDD,scene_15,test
RSDD_06736,RSDD,scene_15,test
RSDD_06737,RSDD,scene_15,test
RSDD_06738,RSDD,scene_15,test
RSDD_06739,RSDD,scene_15,test
RSDD_06740,RSDD,scene_15,test
RSDD_06741,RSDD,scene_15,test
RSDD_06742,RSDD,scene_15,test
RSDD_06743,RSDD,scene_15,test
RSDD_06744,RSDD,scene_15,test
RSDD_06745,RSDD,scene_15,test
RSDD_06746,RSDD,scene_15,test
RSDD_06747,RSDD,scene_15,test
RSDD_06748,RSDD,scene_15,test
RSDD_06749,RSDD,scene_15,test
RSDD_06750,RSDD,scene_15,test
RSDD_06751,RSDD,scene_15,test
RSDD_06752,RSDD,scene_15,test
RSDD_06753,RSDD,scene_15,test
RSDD_06754,RSDD,scene_15,test
RSDD_06755,RSDD,scene_15,test
RSDD_06756,RSDD,scene_15,test
RSDD_06757,RSDD,scene_15,test
RSDD_06758,RSDD,scene_15,test
RSDD_06759,RSDD,scene_15,test
RSDD_06760,RSDD,scene_15,test
RSDD_06761,RSDD,scene_15,test
RSDD_06762,RSDD,scene_15,test
RSDD_06763,RSDD,scene_15,test
RSDD_06764,RSDD,scene_15,test
RSDD_06765,RSDD,scene_15,test
RSDD_06766,RSDD,scene_15,test
RSDD_06767,RSDD,scene_15,test
RSDD_06768,RSDD,scene_15,test
RSDD_06769,RSDD,scene_15,test
RSDD_06770,RSDD,scene_15,test
RSDD_06771,RSDD,scene_15,test
RSDD_06772,RSDD,scene_15,test
RSDD_06773,RSDD,scene_15,test
RSDD_06774,RSDD,scene_15,test
RSDD_06775,RSDD,scene_15,test
RSDD_06776,RSDD,scene_15,test
RSDD_06777,RSDD,scene_15,test
RSDD_06778,RSDD,scene_15,test
RSDD_06779,RSDD,scene_15,test
RSDD_06780,RSDD,scene_15,test
RSDD_06781,RSDD,scene_15,test
RSDD_06782,RSDD,scene_15,test
RSDD_06783,RSDD,scene_15,test
RSDD_06784,RSDD,scene_15,test
RSDD_06785,RSDD,scene_15,test
RSDD_06786,RSDD,scene_15,test
RSDD_06787,RSDD,scene_15,test
RSDD_06788,RSDD,scene_15,test
RSDD_06789,RSDD,scene_15,test
RSDD_06790,RSDD,scene_15,test
RSDD_06791,RSDD,scene_15,test
RSDD_06792,RSDD,scene_15,test
RSDD_06793,RSDD,scene_15,test
RSDD_06794,RSDD,scene_15,test
RSDD_06795,RSDD,scene_15,test
RSDD_06796,RSDD,scene_15,test
RSDD_06797,RSDD,scene_15,test
RSDD_06798,RSDD,scene_15,test
RSDD_06799,RSDD,scene_15,test
RSDD_06800,RSDD,scene_15,test
RSDD_06801,RSDD,scene_15,test
RSDD_06802,RSDD,scene_15,test
RSDD_06803,RSDD,scene_15,test
RSDD_06804,RSDD,scene_15,test
RSDD_06805,RSDD,scene_15,test
RSDD_06806,RSDD,scene_15,test
RSDD_06807,RSDD,scene_15,test
RSDD_06808,RSDD,scene_15,test
RSDD_06809,RSDD,scene_15,test
RSDD_06810,RSDD,scene_15,test
RSDD_06811,RSDD,scene_15,test
RSDD_06812,RSDD,scene_15,test
RSDD_06813,RSDD,scene_15,test
RSDD_06814,RSDD,scene_15,test
RSDD_06815,RSDD,scene_15,test
RSDD_06816,RSDD,scene_15,test
RSDD_06817,RSDD,scene_15,test
RSDD_06818,RSDD,scene_15,test
RSDD_06819,RSDD,scene_15,test
RSDD_06820,RSDD,scene_15,test
RSDD_06821,RSDD,scene_15,test
RSDD_06822,RSDD,scene_15,test
RSDD_06823,RSDD,scene_15,test
RSDD_06824,RSDD,scene_15,test
RSDD_06825,RSDD,scene_15,test
RSDD_06826,RSDD,scene_15,test
RSDD_06827,RSDD,scene_15,test
RSDD_06828,RSDD,scene_15,test
RSDD_06829,RSDD,scene_15,test
RSDD_06830,RSDD,scene_15,test
RSDD_06831,RSDD,scene_15,test
RSDD_06832,RSDD,scene_15,test
RSDD_06833,RSDD,scene_15,test
RSDD_06834,RSDD,scene_15,test
RSDD_06835,RSDD,scene_15,test
RSDD_06836,RSDD,scene_15,test
RSDD_06837,RSDD,scene_15,test
RSDD_06838,RSDD,scene_15,test
RSDD_06839,RSDD,scene_15,test
RSDD_06840,RSDD,scene_15,test
RSDD_06841,RSDD,scene_15,test
RSDD_06842,RSDD,scene_15,test
RSDD_06843,RSDD,scene_15,test
RSDD_06844,RSDD,scene_15,test
RSDD_06845,RSDD,scene_15,test
RSDD_06846,RSDD,scene_15,test
RSDD_06847,RSDD,scene_15,test
RSDD_06848,RSDD,scene_15,test
RSDD_06849,RSDD,scene_15,test
RSDD_06850,RSDD,scene_15,test
RSDD_06851,RSDD,scene_15,test
RSDD_06852,RSDD,scene_15,test
RSDD_06853,RSDD,scene_15,test
RSDD_06854,RSDD,scene_15,test
RSDD_06855,RSDD,scene_15,test
RSDD_06856,RSDD,scene_15,test
RSDD_06857,RSDD,scene_15,test
RSDD_06858,RSDD,scene_15,test
RSDD_06859,RSDD,scene_15,test
RSDD_06860,RSDD,scene_15,test
RSDD_06861,RSDD,scene_15,test
RSDD_06862,RSDD,scene_15,test
RSDD_06863,RSDD,scene_15,test
RSDD_06864,RSDD,scene_15,test
RSDD_06865,RSDD,scene_15,test
RSDD_06866,RSDD,scene_15,test
RSDD_06867,RSDD,scene_15,test
RSDD_06868,RSDD,scene_15,test
RSDD_06869,RSDD,scene_15,test
RSDD_06870,RSDD,scene_15,test
RSDD_06871,RSDD,scene_15,test
RSDD_06872,RSDD,scene_15,test
RSDD_06873,RSDD,scene_15,test
RSDD_06874,RSDD,scene_15,test
RSDD_06875,RSDD,scene_15,test
RSDD_06876,RSDD,scene_15,test
RSDD_06877,RSDD,scene_15,test
RSDD_06878,RSDD,scene_15,test
RSDD_06879,RSDD,scene_15,test
RSDD_06880,RSDD,scene_15,test
RSDD_06881,RSDD,scene_15,test
RSDD_06882,RSDD,scene_15,test
RSDD_06883,RSDD,scene_15,test
RSDD_06884,RSDD,scene_15,test
RSDD_06885,RSDD,scene_15,test
RSDD_06886,RSDD,scene_15,test
RSDD_06887,RSDD,scene_15,test
RSDD_06888,RSDD,scene_15,test
RSDD_06889,RSDD,scene_15,test
RSDD_06890,RSDD,scene_15,test
RSDD_06891,RSDD,scene_15,test
RSDD_06892,RSDD,scene_15,test
RSDD_06893,RSDD,scene_15,test
RSDD_06894,RSDD,scene_15,test
RSDD_06895,RSDD,scene_15,test
RSDD_06896,RSDD,scene_15,test
RSDD_06897,RSDD,scene_15,test
RSDD_06898,RSDD,scene_15,test
RSDD_06899,RSDD,scene_15,test
RSDD_06900,RSDD,scene_15,test
RSDD_06901,RSDD,scene_15,test
RSDD_06902,RSDD,scene_15,test
RSDD_06903,RSDD,scene_15,test
RSDD_06904,RSDD,scene_15,test
RSDD_06905,RSDD,scene_15,test
RSDD_06906,RSDD,scene_15,test
RSDD_06907,RSDD,scene_15,test
RSDD_06908,RSDD,scene_15,test
RSDD_06909,RSDD,scene_15,test
RSDD_06910,RSDD,scene_15,test
RSDD_06911,RSDD,scene_15,test
RSDD_06912,RSDD,scene_15,test
RSDD_06913,RSDD,scene_15,test
RSDD_06914,RSDD,scene_15,test
RSDD_06915,RSDD,scene_15,test
RSDD_06916,RSDD,scene_15,test
RSDD_06917,RSDD,scene_15,test
RSDD_06918,RSDD,scene_15,test
RSDD_06919,RSDD,scene_15,test
RSDD_06920,RSDD,scene_15,test
RSDD_06921,RSDD,scene_15,test
RSDD_06922,RSDD,scene_15,test
RSDD_06923,RSDD,scene_15,test
RSDD_06924,RSDD,scene_15,test
RSDD_06925,RSDD,scene_15,test
RSDD_06926,RSDD,scene_15,test
RSDD_06927,RSDD,scene_15,test
RSDD_06928,RSDD,scene_15,test
RSDD_06929,RSDD,scene_15,test
RSDD_06930,RSDD,scene_15,test
RSDD_06931,RSDD,scene_15,test
RSDD_06932,RSDD,scene_15,test
RSDD_06933,RSDD,scene_15,test
RSDD_06934,RSDD,scene_15,test
RSDD_06935,RSDD,scene_15,test
RSDD_06936,RSDD,scene_15,test
RSDD_06937,RSDD,scene_15,test
RSDD_06938,RSDD,scene_15,test
RSDD_06939,RSDD,scene_15,test
RSDD_06940,RSDD,scene_15,test
RSDD_06941,RSDD,scene_15,test
RSDD_06942,RSDD,scene_15,test
RSDD_06943,RSDD,scene_15,test
RSDD_06944,RSDD,scene_15,test
RSDD_06945,RSDD,scene_15,test
RSDD_06946,RSDD,scene_15,test
RSDD_06947,RSDD,scene_15,test
RSDD_06948,RSDD,scene_15,test
RSDD_06949,RSDD,scene_15,test
RSDD_06950,RSDD,scene_15,test
RSDD_06951,RSDD,scene_15,test
RSDD_06952,RSDD,scene_15,test
RSDD_06953,RSDD,scene_15,test
RSDD_06954,RSDD,scene_15,test
RSDD_06955,RSDD,scene_15,test
RSDD_06956,RSDD,scene_15,test
RSDD_06957,RSDD,scene_15,test
RSDD_06958,RSDD,scene_15,test
RSDD_06959,RSDD,scene_15,test
RSDD_06960,RSDD,scene_15,test
RSDD_06961,RSDD,scene_15,test
RSDD_06962,RSDD,scene_15,test
RSDD_06963,RSDD,scene_15,test
RSDD_06964,RSDD,scene_15,test
RSDD_06965,RSDD,scene_15,test
RSDD_06966,RSDD,scene_15,test
RSDD_06967,RSDD,scene_15,test
RSDD_06968,RSDD,scene_15,test
RSDD_06969,RSDD,scene_15,test
RSDD_06970,RSDD,scene_15,test
RSDD_06971,RSDD,scene_15,test
RSDD_06972,RSDD,scene_15,test
RSDD_06973,RSDD,scene_15,test
RSDD_06974,RSDD,scene_15,test
RSDD_06975,RSDD,scene_15,test
RSDD_06976,RSDD,scene_15,test
RSDD_06977,RSDD,scene_15,test
RSDD_06978,RSDD,scene_15,test
RSDD_06979,RSDD,scene_15,test
RSDD_06980,RSDD,scene_15,test
RSDD_06981,RSDD,scene_15,test
RSDD_06982,RSDD,scene_15,test
RSDD_06983,RSDD,scene_15,test
RSDD_06984,RSDD,scene_15,test
RSDD_06985,RSDD,scene_15,test
RSDD_06986,RSDD,scene_15,test
RSDD_06987,RSDD,scene_15,test
RSDD_06988,RSDD,scene_15,test
RSDD_06989,RSDD,scene_15,test
RSDD_06990,RSDD,scene_15,test
RSDD_06991,RSDD,scene_15,test
RSDD_06992,RSDD,scene_15,test
RSDD_06993,RSDD,scene_15,test
RSDD_06994,RSDD,scene_15,test
RSDD_06995,RSDD,scene_15,test
RSDD_06996,RSDD,scene_15,test
RSDD_06997,RSDD,scene_15,test
RSDD_06998,RSDD,scene_15,test
RSDD_06999,RSDD,scene_15,test
RSDD_07000,RSDD,scene_15,test
